OrganizationIdentifier,OrganizationFormalName,MonitoringLocationIdentifier,MonitoringLocationName,MonitoringLocationTypeName,MonitoringLocationDescriptionText,HUCEightDigitCode,DrainageAreaMeasure/MeasureValue,DrainageAreaMeasure/MeasureUnitCode,ContributingDrainageAreaMeasure/MeasureValue,ContributingDrainageAreaMeasure/MeasureUnitCode,LatitudeMeasure,LongitudeMeasure,SourceMapScaleNumeric,HorizontalAccuracyMeasure/MeasureValue,HorizontalAccuracyMeasure/MeasureUnitCode,HorizontalCollectionMethodName,HorizontalCoordinateReferenceSystemDatumName,VerticalMeasure/MeasureValue,VerticalMeasure/MeasureUnitCode,VerticalAccuracyMeasure/MeasureValue,VerticalAccuracyMeasure/MeasureUnitCode,VerticalCollectionMethodName,VerticalCoordinateReferenceSystemDatumName,CountryCode,StateCode,CountyCode,AquiferName,LocalAqfrName,FormationTypeText,AquiferTypeName,ConstructionDateText,WellDepthMeasure/MeasureValue,WellDepthMeasure/MeasureUnitCode,WellHoleDepthMeasure/MeasureValue,WellHoleDepthMeasure/MeasureUnitCode,ProviderName
USGS-CA,USGS California Water Science Center,USGS-11162690,SAN FRANCISCO BAY A PRESIDIO MILITARY RSERV CA,Estuary,,18050002,,,,,37.80659538000000,-122.4577496,24000,5,seconds,Interpolated from MAP.,NAD83,,,,,,,US,06,075,,,,,,,,,,NWIS
USGS-CA,USGS California Water Science Center,USGS-374811122235001,SAN FRANCISCO BAY A PIER 17 A SAN FRANCISCO CA,Estuary,,18050002,,,,,37.80305000000000,-122.3973083,24000,0.1,seconds,Interpolated from Digital MAP.,NAD83,0,feet,10,feet,Interpolated from topographic map.,NGVD29,US,06,075,,,,,,,,,,NWIS
USGS-CA,USGS California Water Science Center,USGS-374848122300701,SAN FRANCISCO BAY A POINT DIABLO NR GOLDEN GATE BR,Estuary,,18050002,,,,,37.81333056000000,-122.50195,24000,1,minutes,Mapping grade GPS unit (handheld accuracy range 12 to 40 ft),NAD83,0,feet,20,feet,Interpolated from topographic map.,NGVD29,US,06,075,,,,,,,,,,NWIS
USGS-CA,USGS California Water Science Center,USGS-374856122210301,SAN FRANCISCO BAY A YERBA BUENA ISLAND CA,Estuary,,18050002,,,,,37.81548345000000,-122.3519149,,Unknown,Unknown,Interpolated from MAP.,NAD83,,,,,,,US,06,075,,,,,,,,,,NWIS
USGS-CA,USGS California Water Science Center,USGS-374900122241801,SAN FRANCISCO BAY A ALCATRAZ ISLAND CA,Estuary,,18050002,,,,,37.81659480000000,-122.4060823,,Unknown,Unknown,Interpolated from MAP.,NAD83,,,,,,,US,06,075,,,,,,,,,,NWIS
USGS-CA,USGS California Water Science Center,USGS-374906122281801,SAN FRANCISCO BAY A GOLDEN GATE BRIDGE CA,Estuary,,18050002,,,,,37.81826175000000,-122.4727499,,Unknown,Unknown,Interpolated from MAP.,NAD83,,,,,,,US,06,075,,,,,,,,,,NWIS
USGS-CA,USGS California Water Science Center,USGS-374912122233601,SAN FRANCISCO BAY WATER QUALITY PROJECT SITE 20,Estuary,,18050002,,,,,37.82000000000000,-122.3933306,24000,1,minutes,Mapping grade GPS unit (handheld accuracy range 12 to 40 ft),NAD83,,,,,,,US,06,075,,,,,,,,,,NWIS
USGS-CA,USGS California Water Science Center,USGS-374938122251801,SAN FRANCISCO BAY A NE SHORE ALCATRAZ ISLAND CA,Estuary,,18050002,,,,,37.82722220000000,-122.4216667,24000,1,seconds,Interpolated from MAP.,NAD83,12,feet,12,feet,Level or other surveyed method.,NGVD29,US,06,075,,,,,,,,,,NWIS
USGS-CA,USGS California Water Science Center,USGS-374939122192501,SAN FRANCISCO BAY ST AC20 NR BAY BRIDGE CA,Estuary,,18050002,,,,,37.82409420000000,-122.3310813,24000,1,seconds,Interpolated from MAP.,NAD83,0,feet,1,feet,Interpolated from topographic map.,NGVD29,US,06,001,,,,,,,,,,NWIS
USGS-CA,USGS California Water Science Center,USGS-374945122262101,SAN FRANCISCO BAY A ALCATRAZ ISLAND NR SAUSALITO,Estuary,,18050002,,,,,37.82929167000000,-122.4391389,24000,1,seconds,Interpolated from MAP.,NAD83,,,,,,,US,06,075,,,,,,,,,,NWIS
USGS-CA,USGS California Water Science Center,USGS-375015122190001,SAN FRANCISCO BAY ST AC21 NR EMERYVILLE CA,Estuary,,18050002,,,,,37.83631600000000,-122.3155255,24000,1,seconds,Interpolated from MAP.,NAD83,0,feet,1,feet,Interpolated from topographic map.,NGVD29,US,06,001,,,,,,,,,,NWIS
USGS-CA,USGS California Water Science Center,USGS-375022122251301,SAN FRANCISCO BAY A ANGEL ISLAND NR TIBURON CA,Estuary,,18050002,,,,,37.83946110000000,-122.4201694,24000,1,minutes,Mapping grade GPS unit (handheld accuracy range 12 to 40 ft),NAD83,0,feet,12,feet,Interpolated from topographic map.,NGVD29,US,06,075,,,,,,,,,,NWIS
USGS-CA,USGS California Water Science Center,USGS-375048122251801,SAN FRANCISCO BAY WATER QUALITY PROJECT SITE 18,Estuary,,18050002,,,,,37.84666667000000,-122.4216667,24000,1,minutes,Mapping grade GPS unit (handheld accuracy range 12 to 40 ft),NAD83,,,,,,,US,06,075,,,,,,,,,,NWIS
USGS-CA,USGS California Water Science Center,USGS-375106122234801,SAN FRANCISCO BAY A PT BLUNT CA,Estuary,,18050002,,,,,37.85159368000000,-122.397749,,Unknown,Unknown,Interpolated from MAP.,NAD83,,,,,,,US,06,075,,,,,,,,,,NWIS
USGS-CA,USGS California Water Science Center,USGS-375119122215101,SAN FRANCISCO BAY NR TREASURE ISLAND CA,Estuary,,18050002,,,,,37.85528056000000,-122.3640389,24000,1,minutes,Mapping grade GPS unit (handheld accuracy range 12 to 40 ft),NAD83,0,feet,4.3,feet,Interpolated from Digital Elevation Model,NAVD88,US,06,075,,,,,,,,,,NWIS
USGS-CA,USGS California Water Science Center,USGS-375133122190301,SAN FRANCISCO BAY ST AC22 NR BERKELEY CA,Estuary,,18050002,,,,,37.85992645000000,-122.31997,24000,1,seconds,Interpolated from MAP.,NAD83,0,feet,1,feet,Interpolated from topographic map.,NGVD29,US,06,001,,,,,,,,,,NWIS
USGS-CA,USGS California Water Science Center,USGS-375242122251801,SAN FRANCISCO BAY WATER QUALITY PROJECT SITE 17,Estuary,,18050002,,,,,37.87833056000000,-122.4216667,24000,1,minutes,Mapping grade GPS unit (handheld accuracy range 12 to 40 ft),NAD83,,,,,,,US,06,075,,,,,,,,,,NWIS
USGS-CA,USGS California Water Science Center,USGS-375242122252401,SAN FRANCISCO BAY STA 17,Estuary,,18050002,,,,,37.87825960000000,-122.4244164,,1,seconds,Interpolated from MAP.,NAD83,0,feet,4.3,feet,Interpolated from Digital Elevation Model,NAVD88,US,06,041,,,,,,,,,,NWIS
USGS-CA,USGS California Water Science Center,USGS-375254122253601,SAN FRANCISCO BAY A TIBURON CA,Estuary,,18050002,,,,,37.88159286000000,-122.4277498,,Unknown,Unknown,Interpolated from MAP.,NAD83,,,,,,,US,06,041,,,,,,,,,,NWIS
USGS-CA,USGS California Water Science Center,USGS-375326122204801,SAN FRANCISCO BAY A BROOKS ISLAND NR RICHMOND CA,Estuary,,18050002,,,,,37.89066110000000,-122.3465833,24000,1,seconds,Interpolated from MAP.,NAD83,,,,,,,US,06,013,,,,,,,,,,NWIS
USGS-CA,USGS California Water Science Center,USGS-375414122191101,SAN FRANCISCO BAY A POINT ISABEL A EL CERRITO CA,Estuary,,18050002,,,,,37.90399444000000,-122.319811,24000,1,seconds,Mapping grade GPS unit (handheld accuracy range 12 to 40 ft),NAD83,1,feet,1.6,feet,Interpolated from Digital Elevation Model,NAVD88,US,06,013,,,,,,,,,,NWIS
USGS-CA,USGS California Water Science Center,USGS-375422122230001,SAN FRANCISCO BAY A RICHMOND POINT NR RICHMOND CA,Estuary,,18050002,,,,,37.90603056000000,-122.3999778,24000,1,seconds,Interpolated from MAP.,NAD83,,,,,,,US,06,013,,,,,,,,,,NWIS
USGS-CA,USGS California Water Science Center,USGS-375454122270001,SAN FRANCISCO BAY A PT RICHMOND CA,Estuary,,18050002,,,,,37.91492520000000,-122.4510839,,Unknown,Unknown,Interpolated from MAP.,NAD83,,,,,,,US,06,041,,,,,,,,,,NWIS
USGS-CA,USGS California Water Science Center,USGS-375607122264701,SAN FRANCISCO BAY A RICHMOND-SAN RAFAEL BRIDGE CA,Estuary,,18050002,,,,,37.93527778000000,-122.4463889,24000,1,seconds,Interpolated from MAP.,NAD83,0,feet,10,feet,Interpolated from topographic map.,NGVD29,US,06,041,,,,,,,,,,NWIS
11NPSWRD_WQX,National Park Service Water Resources Division,11NPSWRD_WQX-GOGA_CCSF_202.1,SAN FRANCISCO BAY AT CRISSEY FIELD NEAR NOAA BLDG,Ocean,"THE STATION IS LOCATED ON THE SAN FRANCISCO NORTH, CA 7.5 MINUTE SERIES (TOPOGRAPHIC) QUADRANGLE IN THE SURF IN SAN FRANCISCO BAY AT CRISSEY FIELD NEAR NOAA BUILDING AND WERE COLLECTED BY THE CITY AND COUNTY OF SAN FRANCISCO (CCSF) DEPARTMENT OF PUBLIC WORKS BEACH MONITORING EFFORT.  CHARACTERISTIC VALUES INCLUDE BACTERIA COUNTS.  FOR MORE INFORMATION ON THIS STUDY, CONTACT CCSF BUREAU OF POLLUTION CONTROL, 750 PHELPS ST., SAN FRANCISCO, CA, 94124.  TEL. (415) 2422201.",18050002,,,,,37.805968,-122.466481,24000,,,Interpolation-Digital Map Source (Tiger),NAD27,,,,,,,US,06,075,,,,,,,,,,STORET
11NPSWRD_WQX,National Park Service Water Resources Division,11NPSWRD_WQX-GOGA_CCSF_204,SAN FRANCISCO BAY NEAR ST. FRANCIS YACHT CLUB,Ocean,"THE STATION IS LOCATED ON THE SAN FRANCISCO NORTH, CA 7.5 MINUTE SERIES (TOPOGRAPHIC) QUADRANGLE IN THE SURF IN SAN FRANCISCO BAY EAST OF ST. FRANCIS YACHT CLUB AND WERE COLLECTED BY THE CITY AND COUNTY OF SAN FRANCISCO (CCSF) DEPARTMENT OF PUBLIC WORKS BEACH MONITORING EFFORT.  CHARACTERISTIC VALUES INCLUDE BACTERIA COUNTS.  FOR MORE INFORMATION ON THIS STUDY, CONTACT CCSF BUREAU OF POLLUTION CONTROL, 750 PHELPS ST., SAN FRANCISCO, CA, 94124.  TEL. (415) 2422201.",18050002,,,,,37.807777,-122.442601,24000,,,Interpolation-Digital Map Source (Tiger),NAD27,,,,,,,US,06,075,,,,,,,,,,STORET
11NPSWRD_WQX,National Park Service Water Resources Division,11NPSWRD_WQX-GOGA_CCSF_210,SAN FRANCISCO BAY NEAR AQUATIC PARK,Ocean,"THE STATION IS LOCATED ON THE SAN FRANCISCO NORTH, CA 7.5 MINUTE SERIES (TOPOGRAPHIC) QUADRANGLE IN THE SURF IN SAN FRANCISCO BAY NEAR AQUATIC PARK AND WERE COLLECTED BY THE CITY AND COUNTY OF SAN FRANCISCO (CCSF) DEPARTMENT OF PUBLIC WORKS BEACH MONITORING EFFORT.  CHARACTERISTIC VALUES INCLUDE BACTERIA COUNTS.  FOR MORE INFORMATION ON THIS STUDY, CONTACT CCSF BUREAU OF POLLUTION CONTROL, 750 PHELPS ST., SAN FRANCISCO, CA, 94124.  TEL. (415) 2422201.",18050002,,,,,37.807741,-122.42388,24000,,,Interpolation-Digital Map Source (Tiger),NAD27,,,,,,,US,06,075,,,,,,,,,,STORET
11NPSWRD_WQX,National Park Service Water Resources Division,11NPSWRD_WQX-GOGA_CCSF_211,SAN FRANCISCO BAY AT AQUATIC PARK NEAR BATHROOMS,Ocean,"THE STATION IS LOCATED ON THE SAN FRANCISCO NORTH, CA 7.5 MINUTE SERIES (TOPOGRAPHIC) QUADRANGLE IN THE SURF IN SAN FRANCISCO BAY AT AQUATIC PARK NEAR BATHROOMS AND WERE COLLECTED BY THE CITY AND COUNTY OF SAN FRANCISCO (CCSF) DEPARTMENT OF PUBLIC WORKS BEACH MONITORING EFFORT.  CHARACTERISTIC VALUES INCLUDE BACTERIA COUNTS.  FOR MORE INFORMATION ON THIS STUDY, CONTACT CCSF BUREAU OF POLLUTION CONTROL, 750 PHELPS ST., SAN FRANCISCO, CA, 94124.  TEL. (415) 2422201.",18050002,,,,,37.808882,-122.421167,24000,,,Interpolation-Digital Map Source (Tiger),NAD27,,,,,,,US,06,075,,,,,,,,,,STORET
11NPSWRD_WQX,National Park Service Water Resources Division,11NPSWRD_WQX-GOGA_CCSF_OM08,SOUTH BAY WEST OF HELMET ROCK,Ocean,"THE SITE IS LOCATED ON THE SAN FRANCISCO NORTH, CA. 7.5 MINUTE SERIES (TOPOGRAPHIC) QUADRANGLE IN SOUTH BAY WEST OF HELMET ROCK.  THE STATION WAS PART OF THE CITY AND COUNTY OF SAN FRANCISCO (CCSF) DEPARTMENT OF PUBLIC WORKS (DPW) OCEAN OUTFALL MONITORING PROGRAM.  THE STUDY MONITORED FOR POTENTIAL CHANGES ASSOCIATED WITH SOUTHWEST OCEAN OUTFALL DIFFUSER WASTEWATER DISCHARGE IN THE NEARSHORE GULF OF THE FARALLONES.  MONITORING CONSISTED OF WATER QUALITY, BENTHIC, AND FISH AND EPIBENTHIC INVERTEBRATE SAMPLING.  IN 1997 THIS DPW PROGRAM WAS REPLACED BY THE CCSF PUBLIC UTILITIES COMMISSION SOUTHWEST OCEAN OUTFALL REGIONAL MONITORING PROGRAM.  FOR MORE INFORMATION ON THESE PROGRAMS, CONTACT CCSF AT (415) 2422201.",18050002,,,,,37.801158,-122.495833,24000,,,Interpolation-Digital Map Source (Tiger),NAD27,,,,,,,US,06,075,,,,,,,,,,STORET
11NPSWRD_WQX,National Park Service Water Resources Division,11NPSWRD_WQX-GOGA_CCSF_OM17,PHELAN BEACH (CHINA BEACH) IN THE SURF,Ocean,"THE SITE IS LOCATED ON THE SAN FRANCISCO NORTH, CA. 7.5 MINUTE SERIES (TOPOGRAPHIC) QUADRANGLE AT PHELAN BEACH (CHINA BEACH) IN THE SURF.  THE STATION WAS PART OF THE CITY AND COUNTY OF SAN FRANCISCO (CCSF) DEPARTMENT OF PUBLIC WORKS (DPW) OCEAN OUTFALL MONITORING PROGRAM.  THE STUDY MONITORED FOR POTENTIAL CHANGES ASSOCIATED WITH SOUTHWEST OCEAN OUTFALL DIFFUSER WASTEWATER DISCHARGE IN THE NEARSHORE GULF OF THE FARALLONES.  MONITORING CONSISTED OF WATER QUALITY, BENTHIC, AND FISH AND EPIBENTHIC INVERTEBRATE SAMPLING.  IN 1997 THIS DPW PROGRAM WAS REPLACED BY THE CCSF PUBLIC UTILITIES COMMISSION SOUTHWEST OCEAN OUTFALL REGIONAL MONITORING PROGRAM.  FOR MORE INFORMATION ON THESE PROGRAMS, CONTACT CCSF AT (415) 2422201.",18050002,,,,,37.789636,-122.486893,24000,,,Interpolation-Digital Map Source (Tiger),NAD27,,,,,,,US,06,075,,,,,,,,,,STORET
11NPSWRD_WQX,National Park Service Water Resources Division,11NPSWRD_WQX-GOGA_CCSF_SW17,CHINA BEACH NEAR SEA CLIFF 1 PUMP STATION,Ocean,"THE SITE IS LOCATED ON THE SAN FRANCISCO NORTH, CA. 7.5 MINUTE SERIES (TOPOGRAPHIC) QUADRANGLE AT BAKER BEACH NEAR SEA CLIFF 1 PUMP STATION.  THE STATION IS PART OF THE CITY AND COUNTY OF SAN FRANCISCO (CCSF) PUBLIC UTILITIES COMMISSION SOUTHWEST OCEAN OUTFALL REGIONAL MONITORING PROGRAM.  THIS PROGRAM REPLACED THE CCSF DEPARTMENT OF PUBLIC WORKS OCEAN OUTFALL MONITORING PROGRAM IN 1997 AND MONITORS SHORELINE BACTERIOLOGICAL, MARINE SEDIMENT, BENTHIC INFAUNA, AND FISH AND EPIBENTHIC INVERTEBRATES.  FOR MORE INFORMATION ON THE STUDY, CONTACT CCSF AT TEL. (415) 2422201.",18050002,,,,,37.789636,-122.486893,24000,,,Interpolation-Digital Map Source (Tiger),NAD27,,,,,,,US,06,075,,,,,,,,,,STORET
21CABCH,Southern California Coastal Water Research Project (BEACH),21CABCH-1083,Paradise Cove,Ocean,,18050002,,,,,37.89407,-122.45753,12500,,,Interpolation-Map,NAD27,,,,,,,US,06,041,,,,,,,,,,STORET
21CABCH,Southern California Coastal Water Research Project (BEACH),21CABCH-1085,Schoonmaker Beach,Ocean,,18050002,,,,,37.86393,-122.48948,12500,,,Interpolation-Map,NAD27,,,,,,,US,06,041,,,,,,,,,,STORET
21CABCH,Southern California Coastal Water Research Project (BEACH),21CABCH-1356,"Fort Baker, Hourseshoe Cove - NorthEast",BEACH Program Site-Ocean,,18050002,,,,,37.83352,-122.4747,,,,Unknown,NAD83,,,,,,,US,06,041,,,,,,,,,,STORET
21CABCH,Southern California Coastal Water Research Project (BEACH),21CABCH-1360,"Fort Baker, Hourseshoe Cove - NorthWest",BEACH Program Site-Ocean,,18050002,,,,,37.83317,-122.478,,,,Unknown,NAD83,,,,,,,US,06,041,,,,,,,,,,STORET
21CABCH,Southern California Coastal Water Research Project (BEACH),21CABCH-1362,"Fort Baker, Hourseshoe Cove - SouthWest",BEACH Program Site-Ocean,,18050002,,,,,37.83212,-122.47742,,,,Unknown,NAD83,,,,,,,US,06,075,,,,,,,,,,STORET
21CABCH,Southern California Coastal Water Research Project (BEACH),21CABCH-865,"Baker Beach, Opposite Seacliff 2 Pumping Station",Ocean,,18050002,,,,,37.78991,-122.48675,12500,,,Interpolation-Map,NAD27,,,,,,,US,06,075,,,,,,,,,,STORET
21CABCH,Southern California Coastal Water Research Project (BEACH),21CABCH-BAKER NE,BAKER NE,Ocean,,18050002,,,,,37.83352,-122.4747,12500,,,Interpolation-Map,NAD83,,,,,,,US,06,041,,,,,,,,,,STORET
21CABCH,Southern California Coastal Water Research Project (BEACH),21CABCH-BAKER NW,BAKER NW,Ocean,,18050002,,,,,37.83317,-122.4778,12500,,,Interpolation-Map,NAD83,,,,,,,US,06,041,,,,,,,,,,STORET
21CABCH,Southern California Coastal Water Research Project (BEACH),21CABCH-BAKER SW,BAKER SW,Ocean,,18050002,,,,,37.83212,-122.47741,12500,,,Interpolation-Map,NAD83,,,,,,,US,06,075,,,,,,,,,,STORET
21CABCH,Southern California Coastal Water Research Project (BEACH),21CABCH-BAY#202.5_SL,BAY#202.5_SL,Ocean,,18050002,,,,,37.80715,-122.46871,12500,,,Interpolation-Map,NAD83,,,,,,,US,06,075,,,,,,,,,,STORET
21CABCH,Southern California Coastal Water Research Project (BEACH),21CABCH-BAY#210.1_SL,BAY#210.1_SL,Ocean,,18050002,,,,,37.80899,-122.42129,12500,,,Interpolation-Map,NAD83,,,,,,,US,06,075,,,,,,,,,,STORET
21CABCH,Southern California Coastal Water Research Project (BEACH),21CABCH-OCEAN#16_SL,OCEAN#16_SL,Ocean,,18050002,,,,,37.78991,-122.48675,12500,,,Interpolation-Map,NAD83,,,,,,,US,06,075,,,,,,,,,,STORET
21CABCH,Southern California Coastal Water Research Project (BEACH),21CABCH-SCHOONMAKER BEACH,SCHOONMAKER BEACH,Ocean,,18050002,,,,,37.86393,-122.48948,12500,,,Interpolation-Map,NAD83,,,,,,,US,06,041,,,,,,,,,,STORET
CABEACH_WQX,California State Water Resource Control Board,CABEACH_WQX-151,BAKER NE,BEACH Program Site-Ocean,"Fort Baker, Horseshoe Cove - Northeast",18050002,,,,,37.83352,-122.4747,,,,GPS-Unspecified,NAD83,,,,,,,US,06,041,,,,,,,,,,STORET
CABEACH_WQX,California State Water Resource Control Board,CABEACH_WQX-152,BAKER NW,BEACH Program Site-Ocean,"Fort Baker, Horseshoe Cove - Northwest",18050002,,,,,37.83317,-122.4778,,,,GPS-Unspecified,NAD83,,,,,,,US,06,041,,,,,,,,,,STORET
CABEACH_WQX,California State Water Resource Control Board,CABEACH_WQX-153,BAKER SW,BEACH Program Site-Ocean,"Fort Baker, Horseshoe Cove - Southwest",18050002,,,,,37.83212,-122.47741,,,,GPS-Unspecified,NAD83,,,,,,,US,06,075,,,,,,,,,,STORET
CABEACH_WQX,California State Water Resource Control Board,CABEACH_WQX-174,BAY#210.1_SL,BEACH Program Site-Ocean,Hyde Street Pier,18050002,,,,,37.80899,-122.42129,,,,GPS-Unspecified,NAD83,,,,,,,US,06,075,,,,,,,,,,STORET
CABEACH_WQX,California State Water Resource Control Board,CABEACH_WQX-597,OCEAN#16_SL,BEACH Program Site-Ocean,"Baker Beach West, Opposite Seacliff 2 Pumping Station",18050002,,,,,37.78991,-122.48675,,,,GPS-Unspecified,NAD83,,,,,,,US,06,075,,,,,,,,,,STORET
CABEACH_WQX,California State Water Resource Control Board,CABEACH_WQX-701,SCHOONMAKER BEACH,BEACH Program Site-Ocean,Schoonmaker Beach,18050002,,,,,37.86393,-122.48948,,,,GPS-Unspecified,NAD83,,,,,,,US,06,041,,,,,,,,,,STORET
CABEACH_WQX,California State Water Resource Control Board,CABEACH_WQX-791,BAY#202.5_SL,BEACH Program Site-Ocean,Chrissy Field West,18050002,,,,,37.80715,-122.46871,,,,GPS-Unspecified,NAD83,,,,,,,US,06,075,,,,,,,,,,STORET
CABEACH_WQX,California State Water Resource Control Board,CABEACH_WQX-957,BAY#202_LAGOON,BEACH Program Site-Ocean,"Crissy Field, Lagoon mouth",18050002,,,,,37.80648,-122.45413,,,,GPS-Unspecified,NAD83,,,,,,,US,06,075,,,,,,,,,,STORET
CABEACH_WQX,California State Water Resource Control Board,CABEACH_WQX-BAKER NE,BAKER NE,BEACH Program Site-Ocean,"Fort Baker, Horseshoe Cove - Northeast",18050002,,,,,37.83352,-122.4747,0,,,GPS-Unspecified,NAD83,,,,,,,US,06,041,,,,,,,,,,STORET
CABEACH_WQX,California State Water Resource Control Board,CABEACH_WQX-BAKER NW,BAKER NW,BEACH Program Site-Ocean,"Fort Baker, Horseshoe Cove - Northwest",18050002,,,,,37.83317,-122.4778,0,,,GPS-Unspecified,NAD83,,,,,,,US,06,041,,,,,,,,,,STORET
CABEACH_WQX,California State Water Resource Control Board,CABEACH_WQX-BAKER SW,BAKER SW,BEACH Program Site-Ocean,"Fort Baker, Horseshoe Cove - Southwest",18050002,,,,,37.83212,-122.47741,0,,,GPS-Unspecified,NAD83,,,,,,,US,06,075,,,,,,,,,,STORET
CABEACH_WQX,California State Water Resource Control Board,CABEACH_WQX-BAY#202.4_SL,BAY#202.4_SL,BEACH Program Site-Ocean,"Crissy Field, East",18050002,,,,,37.8066,-122.4519,0,,,GPS-Unspecified,WGS84,,,,,,,US,06,075,,,,,,,,,,STORET
CABEACH_WQX,California State Water Resource Control Board,CABEACH_WQX-BAY#202.5_SL,BAY#202.5_SL,BEACH Program Site-Ocean,Crissy Field West,18050002,,,,,37.8069,-122.4683,0,,,GPS-Unspecified,WGS84,,,,,,,US,06,075,,,,,,,,,,STORET
CABEACH_WQX,California State Water Resource Control Board,CABEACH_WQX-BAY#202_LAGOON,BAY#202_LAGOON,BEACH Program Site-Ocean,"Crissy Field, Lagoon mouth",18050002,,,,,37.80648,-122.45413,,,,GPS-Unspecified,NAD83,,,,,,,US,06,075,,,,,,,,,,STORET
CABEACH_WQX,California State Water Resource Control Board,CABEACH_WQX-BAY#210.1_SL,BAY#210.1_SL,BEACH Program Site-Ocean,Hyde Street Pier,18050002,,,,,37.80899,-122.42129,0,,,GPS-Unspecified,WGS84,,,,,,,US,06,075,,,,,,,,,,STORET
CABEACH_WQX,California State Water Resource Control Board,CABEACH_WQX-BAY#211_SL,BAY#211_SL,BEACH Program Site-Ocean,Aquatic Park Beach,18050002,,,,,37.8078,-122.4221,0,,,GPS-Unspecified,WGS84,,,,,,,US,06,075,,,,,,,,,,STORET
CABEACH_WQX,California State Water Resource Control Board,CABEACH_WQX-OCEAN#15EAST_SL,OCEAN#15EAST_SL,BEACH Program Site-Ocean,"Baker Beach East, Upper Parking Lot",18050002,,,,,37.79258,-122.48465,0,,,GPS-Unspecified,WGS84,,,,,,,US,06,075,,,,,,,,,,STORET
CABEACH_WQX,California State Water Resource Control Board,CABEACH_WQX-OCEAN#16_SL,OCEAN#16_SL,BEACH Program Site-Ocean,"Baker Beach West, Opposite Seacliff 2 Pumping Station",18050002,,,,,37.78977,-122.48741,0,,,GPS-Unspecified,WGS84,,,,,,,US,06,075,,,,,,,,,,STORET
CABEACH_WQX,California State Water Resource Control Board,CABEACH_WQX-PARADISE COVE,PARADISE COVE,BEACH Program Site-Ocean,Paradise Cove,18050002,,,,,37.8941,-122.4575,0,,,GPS-Unspecified,NAD83,,,,,,,US,06,041,,,,,,,,,,STORET
CABEACH_WQX,California State Water Resource Control Board,CABEACH_WQX-SCHOONMAKER BEACH,SCHOONMAKER BEACH,BEACH Program Site-Ocean,Schoonmaker Beach,18050002,,,,,37.8640924,-122.48974,0,,,GPS-Unspecified,NAD83,,,,,,,US,06,041,,,,,,,,,,STORET
CADWR,California Department of Water Resources,CADWR-373.00,SA001M,Estuary,Treasure Island => SA001M,18050002,,,,,37.81,-122.36,,,,Unknown,NAD83,0,ft,,,,Unknown,US,06,075,,,,,,,,,,STORET
CADWR,California Department of Water Resources,CADWR-376.00,SA004W,Estuary,Tiburon Beach => SA004W,18050002,,,,,37.89,-122.49,,,,Unknown,NAD83,0,ft,,,,Unknown,US,06,041,,,,,,,,,,STORET
CADWR,California Department of Water Resources,CADWR-380.00,SA009E,Estuary,Keller Beach => SA009E,18050002,,,,,37.91,-122.38,,,,Unknown,NAD83,0,ft,,,,Unknown,US,06,013,,,,,,,,,,STORET
CADWR,California Department of Water Resources,CADWR-381.00,SA010W,Estuary,San Quentin Beach => SA010W,18050002,,,,,37.93,-122.49,,,,Unknown,NAD83,0,ft,,,,Unknown,US,06,041,,,,,,,,,,STORET
CADWR,California Department of Water Resources,CADWR-633.00,201MWT,Estuary,N SF BAY- MIDWAY BETWEEN ALCATRAZ ISL.AND SF. => 201MWT,18050002,,,,,37.81,-122.42,,,,Unknown,NAD83,0,ft,,,,Unknown,US,06,075,,,,,,,,,,STORET
CADWR,California Department of Water Resources,CADWR-634.00,202MWT,Estuary,N SF BAY  1300 YDS SW OF PT KNOX ON ANGEL ISL. => 202MWT,18050002,,,,,37.84,-122.44,,,,Unknown,NAD83,0,ft,,,,Unknown,US,06,075,,,,,,,,,,STORET
CADWR,California Department of Water Resources,CADWR-635.00,203MWT,Estuary,RICHARDSON BAY NORTH OF LIGHT 2 => 203MWT,18050002,,,,,37.85,-122.46,,,,Unknown,NAD83,0,ft,,,,Unknown,US,06,041,,,,,,,,,,STORET
CADWR,California Department of Water Resources,CADWR-636.00,204MWT,Estuary,N SF BAY 600 YDS NW OF LIGHT R'2' NEAR TREAS.ISL => 204MWT,18050002,,,,,37.83,-122.39,,,,Unknown,NAD83,0,ft,,,,Unknown,US,06,075,,,,,,,,,,STORET
CADWR,California Department of Water Resources,CADWR-637.00,205MWT,Estuary,N SF BAY 500 YDS EAST OF TREASURE ISL. DOCKS. => 205MWT,18050002,,,,,37.82,-122.35,,,,Unknown,NAD83,0,ft,,,,Unknown,US,06,001,,,,,,,,,,STORET
CADWR,California Department of Water Resources,CADWR-638.00,206MWT,Estuary,N SF BAY-BERKELEY FLATS 2700 YDS NE TREASURE ISL => 206MWT,18050002,,,,,37.84,-122.34,,,,Unknown,NAD83,0,ft,,,,Unknown,US,06,001,,,,,,,,,,STORET
CADWR,California Department of Water Resources,CADWR-639.00,207MWT,Estuary,N SF BAY 2200 YDS. N OF BERKELEY PIER MIDPOINT => 207MWT,18050002,,,,,37.86,-122.34,,,,Unknown,NAD83,0,ft,,,,Unknown,US,06,001,,,,,,,,,,STORET
CADWR,California Department of Water Resources,CADWR-640.00,208MWT,Estuary,N SF BAY 1800 YDS EAST OF ANGEL ISLAND. => 208MWT,18050002,,,,,37.86,-122.39,,,,Unknown,NAD83,0,ft,,,,Unknown,US,06,075,,,,,,,,,,STORET
CADWR,California Department of Water Resources,CADWR-641.00,209MWT,Estuary,N SF BAY- 1600 YDS NE OF BLUFF PT ON TIBURON PEN => 209MWT,18050002,,,,,37.88,-122.42,,,,Unknown,NAD83,0,ft,,,,Unknown,US,06,075,,,,,,,,,,STORET
CADWR,California Department of Water Resources,CADWR-642.00,210MWT,Estuary,N SF BAY ABOUT 1400 YDS SW OF RED ROCK => 210MWT,18050002,,,,,37.91,-122.44,,,,Unknown,NAD83,0,ft,,,,Unknown,US,06,041,,,,,,,,,,STORET
CADWR,California Department of Water Resources,CADWR-643.00,211MWT,Estuary,N SF BAY W OF SHIP CHANNEL-N OF SAN RAFAEL BR. => 211MWT,18050002,,,,,37.93,-122.44,,,,Unknown,NAD83,0,ft,,,,Unknown,US,06,041,,,,,,,,,,STORET
CALWR_WQX,California Department Of Water Resources,CALWR_WQX-E0B74842282,SF BAY A FORT PT,Other-Surface Water,,18050002,,,,,37.8088,-122.4705,,1,ft,GPS-Unspecified,NAD83,1,ft,,,Other,UNKWN,US,06,075,,,,,,,,,,STORET
CALWR_WQX,California Department Of Water Resources,CALWR_WQX-E0B74922224,SF BAY A TREASURE ISL,Other-Surface Water,,18050002,,,,,37.8208,-122.375,,1,ft,GPS-Unspecified,NAD83,1,ft,,,Other,UNKWN,US,06,075,,,,,,,,,,STORET
CALWR_WQX,California Department Of Water Resources,CALWR_WQX-E0B75172194,SF BAY A BERKELEY FISHING PIER,Other-Surface Water,,18050002,,,,,37.861,-122.3239,,1,ft,GPS-Unspecified,NAD83,,,,,,,US,06,001,,,,,,,,,,STORET
CALWR_WQX,California Department Of Water Resources,CALWR_WQX-E0B75772256,SAN PABLO BAY A POINT SAN PABLO,Other-Surface Water,,18050002,,,,,37.961,-122.4275,,1,ft,GPS-Unspecified,NAD83,1,ft,,,Other,UNKWN,US,06,013,,,,,,,,,,STORET
CALWR_WQX,California Department Of Water Resources,CALWR_WQX-E0B75772262,SAN PABLO STRAIT W OF THE BROTHER,Other-Surface Water,,18050002,,,,,37.9624,-122.4372,,1,ft,GPS-Unspecified,NAD83,1,ft,,,Other,UNKWN,US,06,013,,,,,,,,,,STORET
CEDEN,California State Water Resources Control Board,CEDEN-203BRKLEY,Berkeley (4)-203BRKLEY,Other-Surface Water,,18050002,,,,,37.8669,-122.315,,,,Unknown,NAD83,,,,,,,US,06,001,,,,,,,,,,STORET
CEDEN,California State Water Resources Control Board,CEDEN-203CENTRL,Central Bay (6)-203CENTRL,Other-Surface Water,,18050002,,,,,37.8452,-122.35,,,,Unknown,NAD83,,,,,,,US,06,001,,,,,,,,,,STORET
CEDEN,California State Water Resources Control Board,CEDEN-203EMRYVL,Emeryville Crescent,Other-Surface Water,,18050002,,,,,37.832,-122.31,,,,Unknown,WGS84,,,,,,,US,06,001,,,,,,,,,,STORET
CEDEN,California State Water Resources Control Board,CEDEN-2EEPSRB,Richmond Bridge-2EEPSRB,Other-Surface Water,,18050002,,,,,37.9352,-122.437,,,,Unknown,WGS84,,,,,,,US,06,041,,,,,,,,,,STORET
CEDEN,California State Water Resources Control Board,CEDEN-2RMPBERK,Berkeley-2RMPBERK,Other-Surface Water,,18050002,,,,,37.844,-122.354,,,,Unknown,WGS84,,,,,,,US,06,001,,,,,,,,,,STORET
CEDEN,California State Water Resources Control Board,CEDEN-2RMPBERK3,Berkeley-2RMPBERK3,Other-Surface Water,,18050002,,,,,37.8338,-122.354,,,,Unknown,WGS84,,,,,,,US,06,001,,,,,,,,,,STORET
CEDEN,California State Water Resources Control Board,CEDEN-2RMPBERKI,Berkeley-2RMPBERKI,Other-Surface Water,,18050002,,,,,37.8491,-122.35,,,,Unknown,WGS84,,,,,,,US,06,001,,,,,,,,,,STORET
CEDEN,California State Water Resources Control Board,CEDEN-2RMPBERP,Berkeley Pier-2RMPBERP,Other-Surface Water,,18050002,,,,,37.8652,-122.321,,,,Unknown,WGS84,,,,,,,US,06,001,,,,,,,,,,STORET
CEDEN,California State Water Resources Control Board,CEDEN-2RMPCENTRL3,Central Bay-2RMPCENTRL3,Other-Surface Water,,18050002,,,,,37.8744,-122.44,,,,Unknown,WGS84,,,,,,,US,06,041,,,,,,,,,,STORET
CEDEN,California State Water Resources Control Board,CEDEN-2RMPFB,Fort Baker-2RMPFB,BEACH Program Site-Ocean,,18050002,,,,,37.8317,-122.477,,,,Unknown,WGS84,,,,,,,US,06,075,,,,,,,,,,STORET
CEDEN,California State Water Resources Control Board,CEDEN-2RMPMBB,Mid Bay (Berkeley)-2RMPMBB,Other-Surface Water,,18050002,,,,,37.861,-122.327,,,,Unknown,WGS84,,,,,,,US,06,001,,,,,,,,,,STORET
CEDEN,California State Water Resources Control Board,CEDEN-2RMPMBP,Mid Bay (Paradise)-2RMPMBP,Other-Surface Water,,18050002,,,,,37.897,-122.455,,,,Unknown,WGS84,,,,,,,US,06,041,,,,,,,,,,STORET
CEDEN,California State Water Resources Control Board,CEDEN-2RMPMBTI,Mid Bay (Treasure Is.)-2RMPMBTI,Other-Surface Water,,18050002,,,,,37.8392,-122.377,,,,Unknown,WGS84,,,,,,,US,06,075,,,,,,,,,,STORET
CEDEN,California State Water Resources Control Board,CEDEN-2RMPNPM,North Bay (Pt. Molate)-2RMPNPM,Other-Surface Water,,18050002,,,,,37.9455,-122.43,,,,Unknown,WGS84,,,,,,,US,06,013,,,,,,,,,,STORET
CEDEN,California State Water Resources Control Board,CEDEN-2RMPPM,Point Molate-2RMPPM,Other-Surface Water,,18050002,,,,,37.9455,-122.43,,,,Unknown,WGS84,,,,,,,US,06,013,,,,,,,,,,STORET
CEDEN,California State Water Resources Control Board,CEDEN-2RMPRH,Richmond Harbor-2RMPRH,Other-Surface Water,,18050002,,,,,37.9105,-122.349,,,,Unknown,WGS84,,,,,,,US,06,013,,,,,,,,,,STORET
CEDEN,California State Water Resources Control Board,CEDEN-2RMPSFP7,San Francisco Waterfront (Pier 7)-2RMPSFP7,Other-Surface Water,,18050002,,,,,37.8,-122.393,,,,Unknown,WGS84,,,,,,,US,06,075,,,,,,,,,,STORET
CEDEN,California State Water Resources Control Board,CEDEN-2RMPSFP7-2,San Francisco Waterfront (Pier 7)-2RMPSFP7-2,Other-Surface Water,,18050002,,,,,37.7997,-122.396,,,,Unknown,WGS84,,,,,,,US,06,075,,,,,,,,,,STORET
CEDEN,California State Water Resources Control Board,CEDEN-2RMPSFWIII,San Francisco Waterfront III-2RMPSFWIII,Other-Surface Water,,18050002,,,,,37.8145,-122.41,,,,Unknown,WGS84,,,,,,,US,06,075,,,,,,,,,,STORET
CEDEN,California State Water Resources Control Board,CEDEN-80OTH,Emeryville shore background-80OTH,Other-Surface Water,Emeryville shore background,18050002,,,,,37.8465,-122.301,,,,GPS-Unspecified,WGS84,,,,,,,US,06,001,,,,,,,,,,STORET
CEDEN,California State Water Resources Control Board,CEDEN-BC10,Yerba Buena Island (BC10),Other-Surface Water,,18050002,,,,,37.8216,-122.35,,,,GPS-Unspecified,WGS84,,,,,,,US,06,001,,,,,,,,,,STORET
CEDEN,California State Water Resources Control Board,CEDEN-BC11,Yerba Buena Island (BC11),Other-Surface Water,,18050002,,,,,37.8223,-122.349,,,,GPS-Unspecified,WGS84,,,,,,,US,06,001,,,,,,,,,,STORET
CEDEN,California State Water Resources Control Board,CEDEN-BC21,Horseshoe Bay (BC21),Other-Surface Water,,18050002,,,,,37.831,-122.478,,,,GPS-Unspecified,WGS84,,,,,,,US,06,075,,,,,,,,,,STORET
CEDEN,California State Water Resources Control Board,CEDEN-BC30,Richardson Bay (BC30),Other-Surface Water,,18050002,,,,,37.862,-122.479,,,,GPS-Unspecified,WGS84,,,,,,,US,06,041,,,,,,,,,,STORET
CEDEN,California State Water Resources Control Board,CEDEN-BC32,Richardson Bay (BC32),Other-Surface Water,,18050002,,,,,37.862,-122.479,,,,GPS-Unspecified,WGS84,,,,,,,US,06,041,,,,,,,,,,STORET
CEDEN,California State Water Resources Control Board,CEDEN-BC41,Point Isabel (BC41),Other-Surface Water,,18050002,,,,,37.887,-122.343,,,,GPS-Unspecified,WGS84,,,,,,,US,06,001,,,,,,,,,,STORET
CEDEN,California State Water Resources Control Board,CEDEN-BC60,Red Rock (BC60),Other-Surface Water,,18050002,,,,,37.918,-122.436,,,,GPS-Unspecified,WGS84,,,,,,,US,06,041,,,,,,,,,,STORET
CEDEN,California State Water Resources Control Board,CEDEN-BC61,Red Rock (BC61),Other-Surface Water,,18050002,,,,,37.928,-122.469,,,,GPS-Unspecified,WGS84,,,,,,,US,06,041,,,,,,,,,,STORET
CEDEN,California State Water Resources Control Board,CEDEN-CA00-0016,CA00-0016,Other-Surface Water,SAUSALITO,18050002,,,,,37.8649,-122.494,,,,GPS-Unspecified,NAD83,,,,,,,US,06,041,,,,,,,,,,STORET
CEDEN,California State Water Resources Control Board,CEDEN-CA00-0017,CA00-0017,Other-Surface Water,SFBAY BERKELEY,18050002,,,,,37.868,-122.318,,,,GPS-Unspecified,NAD83,,,,,,,US,06,001,,,,,,,,,,STORET
CEDEN,California State Water Resources Control Board,CEDEN-CA00-0031,CA00-0031,Other-Surface Water,SAN RAFAEL BAY,18050002,,,,,37.9624,-122.468,,,,GPS-Unspecified,NAD83,,,,,,,US,06,041,,,,,,,,,,STORET
CEDEN,California State Water Resources Control Board,CEDEN-CA00-0032,CA00-0032,Other-Surface Water,SFBAY PARADISE COVE,18050002,,,,,37.9048,-122.466,,,,GPS-Unspecified,NAD83,,,,,,,US,06,041,,,,,,,,,,STORET
CEDEN,California State Water Resources Control Board,CEDEN-CA00-0033,CA00-0033,Other-Surface Water,SFBAY CASTRO POINT,18050002,,,,,37.9341,-122.419,,,,GPS-Unspecified,NAD83,,,,,,,US,06,013,,,,,,,,,,STORET
CEDEN,California State Water Resources Control Board,CEDEN-CA00-0034,CA00-0034,Other-Surface Water,SFBAY CENTRAL BAY,18050002,,,,,37.8787,-122.387,,,,GPS-Unspecified,NAD83,,,,,,,US,06,075,,,,,,,,,,STORET
CEDEN,California State Water Resources Control Board,CEDEN-CA00-0035,CA00-0035,Other-Surface Water,SFBAY TREASURE ISLAND,18050002,,,,,37.8334,-122.358,,,,GPS-Unspecified,NAD83,,,,,,,US,06,075,,,,,,,,,,STORET
CEDEN,California State Water Resources Control Board,CEDEN-CA00-0036,CA00-0036,Other-Surface Water,SFBAY BAY BRIDGE,18050002,,,,,37.8103,-122.347,,,,GPS-Unspecified,NAD83,,,,,,,US,06,075,,,,,,,,,,STORET
CEDEN,California State Water Resources Control Board,CEDEN-CA00-0037,CA00-0037,Other-Surface Water,RICHARDSON BAY,18050002,,,,,37.8764,-122.478,,,,GPS-Unspecified,NAD83,,,,,,,US,06,041,,,,,,,,,,STORET
CEDEN,California State Water Resources Control Board,CEDEN-CA00-0044,CA00-0044,Other-Surface Water,San Rafael Bay,18050002,,,,,37.9648,-122.474,,,,GPS-Unspecified,NAD83,,,,,,,US,06,041,,,,,,,,,,STORET
CEDEN,California State Water Resources Control Board,CEDEN-CB001S,Central Bay (CB001S),Other-Surface Water,,18050002,,,,,37.8763,-122.362,,,,GPS-Unspecified,NAD83,,,,,,,US,06,001,,,,,,,,,,STORET
CEDEN,California State Water Resources Control Board,CEDEN-CB001W,Central Bay (CB001W),Other-Surface Water,,18050002,,,,,37.8915,-122.351,,,,GPS-Unspecified,NAD83,,,,,,,US,06,013,,,,,,,,,,STORET
CEDEN,California State Water Resources Control Board,CEDEN-CB003S,Central Bay (CB003S),Other-Surface Water,,18050002,,,,,37.868,-122.485,,,,GPS-Unspecified,NAD83,,,,,,,US,06,041,,,,,,,,,,STORET
CEDEN,California State Water Resources Control Board,CEDEN-CB003W,Central Bay (CB003W),Other-Surface Water,,18050002,,,,,37.8511,-122.469,,,,GPS-Unspecified,NAD83,,,,,,,US,06,041,,,,,,,,,,STORET
CEDEN,California State Water Resources Control Board,CEDEN-CB005S,Central Bay (CB005S),Other-Surface Water,,18050002,,,,,37.8525,-122.326,,,,GPS-Unspecified,NAD83,,,,,,,US,06,001,,,,,,,,,,STORET
CEDEN,California State Water Resources Control Board,CEDEN-CB005W,Central Bay (CB005W),Other-Surface Water,,18050002,,,,,37.8382,-122.341,,,,GPS-Unspecified,NAD83,,,,,,,US,06,001,,,,,,,,,,STORET
CEDEN,California State Water Resources Control Board,CEDEN-CB007S,Central Bay (CB007S),Other-Surface Water,,18050002,,,,,37.9186,-122.4,,,,GPS-Unspecified,NAD83,,,,,,,US,06,013,,,,,,,,,,STORET
CEDEN,California State Water Resources Control Board,CEDEN-CB007W,Central Bay (CB007W),Other-Surface Water,,18050002,,,,,37.9166,-122.4,,,,GPS-Unspecified,NAD83,,,,,,,US,06,013,,,,,,,,,,STORET
CEDEN,California State Water Resources Control Board,CEDEN-CB009W,Central Bay (CB009W),Other-Surface Water,,18050002,,,,,37.8443,-122.428,,,,GPS-Unspecified,NAD83,,,,,,,US,06,075,,,,,,,,,,STORET
CEDEN,California State Water Resources Control Board,CEDEN-CB011S,Central Bay (CB011S),Other-Surface Water,,18050002,,,,,37.9676,-122.451,,,,GPS-Unspecified,NAD83,,,,,,,US,06,041,,,,,,,,,,STORET
CEDEN,California State Water Resources Control Board,CEDEN-CB011W,Central Bay (CB011W),Other-Surface Water,,18050002,,,,,37.9478,-122.463,,,,GPS-Unspecified,NAD83,,,,,,,US,06,041,,,,,,,,,,STORET
CEDEN,California State Water Resources Control Board,CEDEN-CB013S,Central Bay (CB013S),Other-Surface Water,,18050002,,,,,37.8214,-122.361,,,,GPS-Unspecified,NAD83,,,,,,,US,06,075,,,,,,,,,,STORET
CEDEN,California State Water Resources Control Board,CEDEN-CB013W,Central Bay (CB013W),Other-Surface Water,,18050002,,,,,37.8469,-122.368,,,,GPS-Unspecified,NAD83,,,,,,,US,06,075,,,,,,,,,,STORET
CEDEN,California State Water Resources Control Board,CEDEN-CB015W,Central Bay (CB015W),Other-Surface Water,,18050002,,,,,37.823,-122.435,,,,GPS-Unspecified,NAD83,,,,,,,US,06,075,,,,,,,,,,STORET
CEDEN,California State Water Resources Control Board,CEDEN-CB017W,Central Bay (CB017W),Other-Surface Water,,18050002,,,,,37.8854,-122.327,,,,GPS-Unspecified,NAD83,,,,,,,US,06,001,,,,,,,,,,STORET
CEDEN,California State Water Resources Control Board,CEDEN-CB019W,Central Bay (CB019W),Other-Surface Water,,18050002,,,,,37.8526,-122.442,,,,GPS-Unspecified,NAD83,,,,,,,US,06,041,,,,,,,,,,STORET
CEDEN,California State Water Resources Control Board,CEDEN-CB021W,Central Bay (CB021W),Other-Surface Water,,18050002,,,,,37.8328,-122.329,,,,GPS-Unspecified,NAD83,,,,,,,US,06,001,,,,,,,,,,STORET
CEDEN,California State Water Resources Control Board,CEDEN-CB023S,Central Bay (CB023S),Other-Surface Water,,18050002,,,,,37.8873,-122.4,,,,GPS-Unspecified,NAD83,,,,,,,US,06,075,,,,,,,,,,STORET
CEDEN,California State Water Resources Control Board,CEDEN-CB023W,Central Bay (CB023W),Other-Surface Water,,18050002,,,,,37.8727,-122.408,,,,GPS-Unspecified,NAD83,,,,,,,US,06,075,,,,,,,,,,STORET
CEDEN,California State Water Resources Control Board,CEDEN-CB025S,Central Bay (CB025S),Other-Surface Water,,18050002,,,,,37.8675,-122.379,,,,GPS-Unspecified,NAD83,,,,,,,US,06,075,,,,,,,,,,STORET
CEDEN,California State Water Resources Control Board,CEDEN-CB025W,Central Bay (CB025W),Other-Surface Water,,18050002,,,,,37.8422,-122.408,,,,GPS-Unspecified,NAD83,,,,,,,US,06,075,,,,,,,,,,STORET
CEDEN,California State Water Resources Control Board,CEDEN-CB027S,Central Bay (CB027S),Other-Surface Water,,18050002,,,,,37.9434,-122.443,,,,GPS-Unspecified,NAD83,,,,,,,US,06,041,,,,,,,,,,STORET
CEDEN,California State Water Resources Control Board,CEDEN-CB027W,Central Bay (CB027W),Other-Surface Water,,18050002,,,,,37.9177,-122.447,,,,GPS-Unspecified,NAD83,,,,,,,US,06,041,,,,,,,,,,STORET
CEDEN,California State Water Resources Control Board,CEDEN-CB029S,Central Bay (CB029S),Other-Surface Water,,18050002,,,,,37.8471,-122.353,,,,GPS-Unspecified,NAD83,,,,,,,US,06,001,,,,,,,,,,STORET
CEDEN,California State Water Resources Control Board,CEDEN-CB03,SF Bay RMP - Central Bay 03,Other-Surface Water,SF Bay RMP - Margins Station - 03,18050002,,,,,37.8781,-122.311,,,,Unknown,WGS84,,,,,,,US,06,001,,,,,,,,,,STORET
CEDEN,California State Water Resources Control Board,CEDEN-CB031W,Central Bay (CB031W),Other-Surface Water,,18050002,,,,,37.9148,-122.425,,,,Unknown,WGS84,,,,,,,US,06,075,,,,,,,,,,STORET
CEDEN,California State Water Resources Control Board,CEDEN-CB033S,Central Bay (CB033S),Other-Surface Water,,18050002,,,,,37.8668,-122.364,,,,GPS-Unspecified,NAD83,,,,,,,US,06,001,,,,,,,,,,STORET
CEDEN,California State Water Resources Control Board,CEDEN-CB033W,Central Bay (CB033W),Other-Surface Water,,18050002,,,,,37.8717,-122.369,,,,Unknown,WGS84,,,,,,,US,06,001,,,,,,,,,,STORET
CEDEN,California State Water Resources Control Board,CEDEN-CB035S,Central Bay (CB035S),Other-Surface Water,,18050002,,,,,37.9192,-122.441,,,,GPS-Unspecified,NAD83,,,,,,,US,06,041,,,,,,,,,,STORET
CEDEN,California State Water Resources Control Board,CEDEN-CB035W,Central Bay (CB035W),Other-Surface Water,,18050002,,,,,37.864,-122.484,,,,Unknown,WGS84,,,,,,,US,06,041,,,,,,,,,,STORET
CEDEN,California State Water Resources Control Board,CEDEN-CB037S,Central Bay (CB037S),Other-Surface Water,,18050002,,,,,37.8599,-122.327,,,,GPS-Unspecified,NAD83,,,,,,,US,06,001,,,,,,,,,,STORET
CEDEN,California State Water Resources Control Board,CEDEN-CB037W,Central Bay (CB037W),Other-Surface Water,,18050002,,,,,37.8533,-122.346,,,,GPS-Unspecified,NAD83,,,,,,,US,06,001,,,,,,,,,,STORET
CEDEN,California State Water Resources Control Board,CEDEN-CB039S,Central Bay (CB039S),Other-Surface Water,,18050002,,,,,37.9189,-122.417,,,,GPS-Unspecified,NAD83,,,,,,,US,06,013,,,,,,,,,,STORET
CEDEN,California State Water Resources Control Board,CEDEN-CB041S,Central Bay (CB041S),Other-Surface Water,,18050002,,,,,37.8728,-122.439,,,,Unknown,WGS84,,,,,,,US,06,041,,,,,,,,,,STORET
CEDEN,California State Water Resources Control Board,CEDEN-CB041W,Central Bay (CB041W),Other-Surface Water,,18050002,,,,,37.8905,-122.373,,,,GPS-Unspecified,NAD83,,,,,,,US,06,013,,,,,,,,,,STORET
CEDEN,California State Water Resources Control Board,CEDEN-CB043S,Central Bay (CB043S),Other-Surface Water,,18050002,,,,,37.9384,-122.496,,,,GPS-Unspecified,NAD83,,,,,,,US,06,041,,,,,,,,,,STORET
CEDEN,California State Water Resources Control Board,CEDEN-CB043W,Central Bay (CB043W),Other-Surface Water,,18050002,,,,,37.9271,-122.481,,,,GPS-Unspecified,NAD83,,,,,,,US,06,041,,,,,,,,,,STORET
CEDEN,California State Water Resources Control Board,CEDEN-CB045W,Central Bay (CB045W),Other-Surface Water,,18050002,,,,,37.8284,-122.39,,,,GPS-Unspecified,NAD83,,,,,,,US,06,075,,,,,,,,,,STORET
CEDEN,California State Water Resources Control Board,CEDEN-CB047W,Central Bay (CB047W),Other-Surface Water,,18050002,,,,,37.8283,-122.441,,,,GPS-Unspecified,NAD83,,,,,,,US,06,075,,,,,,,,,,STORET
CEDEN,California State Water Resources Control Board,CEDEN-CB049W,Central Bay (CB049W),Other-Surface Water,,18050002,,,,,37.865,-122.36,,,,GPS-Unspecified,NAD83,,,,,,,US,06,001,,,,,,,,,,STORET
CEDEN,California State Water Resources Control Board,CEDEN-CB055S,Central Bay (CB055S),Other-Surface Water,,18050002,,,,,37.9034,-122.404,,,,Unknown,WGS84,,,,,,,US,06,075,,,,,,,,,,STORET
CEDEN,California State Water Resources Control Board,CEDEN-CB057S,Central Bay (CB057S),Other-Surface Water,,18050002,,,,,37.8765,-122.382,,,,GPS-Unspecified,NAD83,,,,,,,US,06,075,,,,,,,,,,STORET
CEDEN,California State Water Resources Control Board,CEDEN-CB073S,Central Bay (CB073S),Other-Surface Water,,18050002,,,,,37.8429,-122.398,,,,GPS-Unspecified,NAD83,,,,,,,US,06,075,,,,,,,,,,STORET
CEDEN,California State Water Resources Control Board,CEDEN-CB075S,Central Bay (CB075S),Other-Surface Water,,18050002,,,,,37.9433,-122.475,,,,GPS-Unspecified,NAD83,,,,,,,US,06,041,,,,,,,,,,STORET
CEDEN,California State Water Resources Control Board,CEDEN-CB107S,Central Bay (CB107S),Other-Surface Water,,18050002,,,,,37.9571,-122.465,,,,Unknown,WGS84,,,,,,,US,06,041,,,,,,,,,,STORET
CEDEN,California State Water Resources Control Board,CEDEN-CB121S,Central Bay (CB121S),Other-Surface Water,,18050002,,,,,37.8554,-122.392,,,,GPS-Unspecified,NAD83,,,,,,,US,06,075,,,,,,,,,,STORET
CEDEN,California State Water Resources Control Board,CEDEN-CB133S,Central Bay (CB133S),Other-Surface Water,,18050002,,,,,37.8394,-122.316,,,,GPS-Unspecified,NAD83,,,,,,,US,06,001,,,,,,,,,,STORET
CEDEN,California State Water Resources Control Board,CEDEN-CB19,SF Bay RMP - Central Bay 19,Other-Surface Water,SF Bay RMP - Margins Station - 19,18050002,,,,,37.8675,-122.467,,,,Unknown,WGS84,,,,,,,US,06,041,,,,,,,,,,STORET
CEDEN,California State Water Resources Control Board,CEDEN-CB22,SF Bay RMP - Central Bay 22,Other-Surface Water,SF Bay RMP - Margins Station - 22,18050002,,,,,37.9402,-122.5,,,,Unknown,WGS84,,,,,,,US,06,041,,,,,,,,,,STORET
CEDEN,California State Water Resources Control Board,CEDEN-CB26,SF Bay RMP - Central Bay 26,Other-Surface Water,SF Bay RMP - Margins Station - 26,18050002,,,,,37.929,-122.399,,,,Unknown,WGS84,,,,,,,US,06,013,,,,,,,,,,STORET
CEDEN,California State Water Resources Control Board,CEDEN-CB38,SF Bay RMP - Central Bay 38,Other-Surface Water,SF Bay RMP - Margins Station - 38,18050002,,,,,37.9016,-122.377,,,,Unknown,WGS84,,,,,,,US,06,013,,,,,,,,,,STORET
CEDEN,California State Water Resources Control Board,CEDEN-CB41,SF Bay RMP - Central Bay 41,Other-Surface Water,SF Bay RMP - Margins Station - 41,18050002,,,,,37.926,-122.493,,,,Unknown,WGS84,,,,,,,US,06,041,,,,,,,,,,STORET
CEDEN,California State Water Resources Control Board,CEDEN-CB42,SF Bay RMP - Central Bay 42,Other-Surface Water,SF Bay RMP - Margins Station - 42,18050002,,,,,37.9055,-122.332,,,,Unknown,WGS84,,,,,,,US,06,013,,,,,,,,,,STORET
CEDEN,California State Water Resources Control Board,CEDEN-CB46,SF Bay RMP - Central Bay 46,Other-Surface Water,SF Bay RMP - Margins Station - 46,18050002,,,,,37.899,-122.326,,,,Unknown,WGS84,,,,,,,US,06,013,,,,,,,,,,STORET
CEDEN,California State Water Resources Control Board,CEDEN-CB54,SF Bay RMP - Central Bay 54,Other-Surface Water,SF Bay RMP - Margins Station - 54,18050002,,,,,37.9073,-122.355,,,,Unknown,WGS84,,,,,,,US,06,013,,,,,,,,,,STORET
CEDEN,California State Water Resources Control Board,CEDEN-CB55,SF Bay RMP - Central Bay 55,Other-Surface Water,SF Bay RMP - Margins Station - 55,18050002,,,,,37.8834,-122.511,,,,Unknown,WGS84,,,,,,,US,06,041,,,,,,,,,,STORET
CEDEN,California State Water Resources Control Board,CEDEN-EBM001,East Bay Municipal Utility District Special Study Site (EBM001),Other-Surface Water,,18050002,,,,,37.8953,-122.323,,,,GPS-Unspecified,WGS84,,,,,,,US,06,013,,,,,,,,,,STORET
CEDEN,California State Water Resources Control Board,CEDEN-IEP211,IEP Study Site 211-IEP211,Other-Surface Water,,18050002,,,,,37.8357,-122.384,,,,GPS-Unspecified,WGS84,,,,,,,US,06,075,,,,,,,,,,STORET
CEDEN,California State Water Resources Control Board,CEDEN-IEP212,IEP Study Site 212-IEP212,Other-Surface Water,,18050002,,,,,37.8619,-122.346,,,,GPS-Unspecified,WGS84,,,,,,,US,06,001,,,,,,,,,,STORET
CEDEN,California State Water Resources Control Board,CEDEN-IEP214,IEP Study Site 214-IEP214,Other-Surface Water,,18050002,,,,,37.8597,-122.402,,,,GPS-Unspecified,WGS84,,,,,,,US,06,075,,,,,,,,,,STORET
CEDEN,California State Water Resources Control Board,CEDEN-IEP243,IEP Study Site 243-IEP243,Other-Surface Water,,18050002,,,,,37.8864,-122.401,,,,GPS-Unspecified,WGS84,,,,,,,US,06,075,,,,,,,,,,STORET
CEDEN,California State Water Resources Control Board,CEDEN-IEP244,IEP Study (Site 244)-IEP244,Other-Surface Water,IEP Study (Site 244),18050002,,,,,37.9237,-122.468,,,,GPS-Unspecified,WGS84,,,,,,,US,06,041,,,,,,,,,,STORET
CEDEN,California State Water Resources Control Board,CEDEN-LMI-ESA-Lakeside,Lake Chalet Shore,Reservoir,,18050002,,,,,37.8027,-122.514,,,,Unknown,WGS84,,,,,,,US,06,075,,,,,,,,,,STORET
CEDEN,California State Water Resources Control Board,CEDEN-PPOT2,"Point Potrero, site 2-PPOT2",Other-Surface Water,"Point Potrero, site 2",18050002,,,,,37.9059,-122.371,,,,GPS-Unspecified,WGS84,,,,,,,US,06,013,,,,,,,,,,STORET
CEDEN,California State Water Resources Control Board,CEDEN-SA007E,Berkeley Frontage-SA007E,Other-Surface Water,,18050002,,,,,37.8514,-122.304,,,,GPS-Unspecified,WGS84,,,,,,,US,06,001,,,,,,,,,,STORET
CEDEN,California State Water Resources Control Board,CEDEN-SFBay_1,San Francisco Bay_1,Other-Surface Water,,18050002,,,,,37.9134,-122.454,,,,Unknown,WGS84,,,,,,,US,06,041,,,,,,,,,,STORET
CEDEN,California State Water Resources Control Board,CEDEN-SFBay_2,San Francisco Bay_2,Other-Surface Water,,18050002,,,,,37.8641,-122.412,,,,Unknown,WGS84,,,,,,,US,06,075,,,,,,,,,,STORET
CEDEN,California State Water Resources Control Board,CEDEN-SFBay_3,San Francisco Bay_3,Other-Surface Water,,18050002,,,,,37.8531,-122.402,,,,Unknown,WGS84,,,,,,,US,06,075,,,,,,,,,,STORET
EMAP_CS,Environmental Monitoring and Assessment Program,EMAP_CS-16-1,SFBay NOAA Station (2000),Estuary,EPA frame design statistical weight:-99;EPA frame design square kilometers:-99;Statistical area the station represents in square kilometers for the water system:-99;NOAA frame design square kilometers:38.6652;NOAA frame design statistical hex size:10.01,18050002,,,,,37.919,-122.45,,,,GPS-Unspecified,NAD83,0,ft,,,,Unknown,US,06,041,,,,,,,,,,STORET
EMAP_CS,Environmental Monitoring and Assessment Program,EMAP_CS-17-1,SFBay NOAA Station (2000),Estuary,EPA frame design statistical weight:-99;EPA frame design square kilometers:-99;Statistical area the station represents in square kilometers for the water system:-99;NOAA frame design square kilometers:6.519;NOAA frame design statistical hex size:2.81,18050002,,,,,37.952,-122.423,,,,GPS-Unspecified,NAD83,0,ft,,,,Unknown,US,06,013,,,,,,,,,,STORET
EMAP_CS,Environmental Monitoring and Assessment Program,EMAP_CS-18-1,SFBay NOAA Station (2000),Estuary,EPA frame design statistical weight:-99;EPA frame design square kilometers:-99;Statistical area the station represents in square kilometers for the water system:-99;NOAA frame design square kilometers:0.8273;NOAA frame design statistical hex size:0.42,18050002,,,,,37.907,-122.394,,,,GPS-Unspecified,NAD83,0,ft,,,,Unknown,US,06,013,,,,,,,,,,STORET
EMAP_CS,Environmental Monitoring and Assessment Program,EMAP_CS-19-3,SFBay NOAA Station (2000),Estuary,EPA frame design statistical weight:-99;EPA frame design square kilometers:-99;Statistical area the station represents in square kilometers for the water system:-99;NOAA frame design square kilometers:0.6722;NOAA frame design statistical hex size:0.31,18050002,,,,,37.908,-122.361,,,,GPS-Unspecified,NAD83,0,ft,,,,Unknown,US,06,013,,,,,,,,,,STORET
EMAP_CS,Environmental Monitoring and Assessment Program,EMAP_CS-20-5,SFBay NOAA Station (2000),Estuary,EPA frame design statistical weight:-99;EPA frame design square kilometers:-99;Statistical area the station represents in square kilometers for the water system:-99;NOAA frame design square kilometers:52.8168;NOAA frame design statistical hex size:6.79,18050002,,,,,37.854,-122.338,,,,GPS-Unspecified,NAD83,0,ft,,,,Unknown,US,06,001,,,,,,,,,,STORET
EMAP_CS,Environmental Monitoring and Assessment Program,EMAP_CS-20-6,SFBay NOAA Station (2000),Estuary,EPA frame design statistical weight:-99;EPA frame design square kilometers:-99;Statistical area the station represents in square kilometers for the water system:-99;NOAA frame design square kilometers:52.8168;NOAA frame design statistical hex size:6.79,18050002,,,,,37.813,-122.342,,,,GPS-Unspecified,NAD83,0,ft,,,,Unknown,US,06,001,,,,,,,,,,STORET
EMAP_CS,Environmental Monitoring and Assessment Program,EMAP_CS-22-1,SFBay NOAA Station (2000),Estuary,EPA frame design statistical weight:-99;EPA frame design square kilometers:-99;Statistical area the station represents in square kilometers for the water system:-99;NOAA frame design square kilometers:60.6783;NOAA frame design statistical hex size:8.87,18050002,,,,,37.848,-122.467,,,,GPS-Unspecified,NAD83,0,ft,,,,Unknown,US,06,041,,,,,,,,,,STORET
EMAP_CS,Environmental Monitoring and Assessment Program,EMAP_CS-22-3,SFBay NOAA Station (2000),Estuary,EPA frame design statistical weight:-99;EPA frame design square kilometers:-99;Statistical area the station represents in square kilometers for the water system:-99;NOAA frame design square kilometers:60.6783;NOAA frame design statistical hex size:8.87,18050002,,,,,37.839,-122.45,,,,GPS-Unspecified,NAD83,0,ft,,,,Unknown,US,06,075,,,,,,,,,,STORET
EMAP_CS,Environmental Monitoring and Assessment Program,EMAP_CS-22-6,SFBay NOAA Station (2000),Estuary,EPA frame design statistical weight:-99;EPA frame design square kilometers:-99;Statistical area the station represents in square kilometers for the water system:-99;NOAA frame design square kilometers:60.6783;NOAA frame design statistical hex size:8.87,18050002,,,,,37.811,-122.386,,,,GPS-Unspecified,NAD83,0,ft,,,,Unknown,US,06,075,,,,,,,,,,STORET
EMAP_CS,Environmental Monitoring and Assessment Program,EMAP_CS-24-2,SFBay NOAA Station (2000),Estuary,EPA frame design statistical weight:-99;EPA frame design square kilometers:-99;Statistical area the station represents in square kilometers for the water system:-99;NOAA frame design square kilometers:0.8365;NOAA frame design statistical hex size:0.42,18050002,,,,,37.81,-122.435,,,,GPS-Unspecified,NAD83,0,ft,,,,Unknown,US,06,075,,,,,,,,,,STORET
EMAP_CS,Environmental Monitoring and Assessment Program,EMAP_CS-25-3,SFBay NOAA Station (2000),Estuary,EPA frame design statistical weight:-99;EPA frame design square kilometers:-99;Statistical area the station represents in square kilometers for the water system:-99;NOAA frame design square kilometers:0.6104;NOAA frame design statistical hex size:0.22,18050002,,,,,37.8,-122.396,,,,GPS-Unspecified,NAD83,0,ft,,,,Unknown,US,06,075,,,,,,,,,,STORET
EMAP_CS,Environmental Monitoring and Assessment Program,EMAP_CS-31-2,SFBay NOAA Station (2000),Estuary,EPA frame design statistical weight:-99;EPA frame design square kilometers:-99;Statistical area the station represents in square kilometers for the water system:-99;NOAA frame design square kilometers:3.3014;NOAA frame design statistical hex size:0.55,18050002,,,,,37.814,-122.323,,,,GPS-Unspecified,NAD83,0,ft,,,,Unknown,US,06,001,,,,,,,,,,STORET
EMAP_CS,Environmental Monitoring and Assessment Program,EMAP_CS-CA00-0016,Sausalito,Estuary,EPA frame design statistical weight:3.46;EPA frame design square kilometers:57.0274;Statistical area the station represents in square kilometers for the water system:10.0336;NOAA frame design square kilometers:3.1698;NOAA frame design statistical hex size:1.46,18050002,,,,,37.865,-122.494,,,,GPS-Unspecified,NAD83,0,ft,,,,Unknown,US,06,041,,,,,,,,,,STORET
EMAP_CS,Environmental Monitoring and Assessment Program,EMAP_CS-CA00-0017,SFBay Berkeley,Estuary,EPA frame design statistical weight:36.58;EPA frame design square kilometers:1091.7428;Statistical area the station represents in square kilometers for the water system:1091.7428;NOAA frame design square kilometers:3.1698;NOAA frame design statistical hex size:1.46,18050002,,,,,37.868,-122.318,,,,GPS-Unspecified,NAD83,0,ft,,,,Unknown,US,06,001,,,,,,,,,,STORET
EMAP_CS,Environmental Monitoring and Assessment Program,EMAP_CS-CA00-0031,San Rafael Bay,Estuary,EPA frame design statistical weight:3.46;EPA frame design square kilometers:57.0274;Statistical area the station represents in square kilometers for the water system:7.381;NOAA frame design square kilometers:19.2673;NOAA frame design statistical hex size:5.41,18050002,,,,,37.962,-122.468,,,,GPS-Unspecified,NAD83,0,ft,,,,Unknown,US,06,041,,,,,,,,,,STORET
EMAP_CS,Environmental Monitoring and Assessment Program,EMAP_CS-CA00-0032,SFBay Paradise Cove,Estuary,EPA frame design statistical weight:36.58;EPA frame design square kilometers:1091.7428;Statistical area the station represents in square kilometers for the water system:1091.7428;NOAA frame design square kilometers:19.2673;NOAA frame design statistical hex size:5.41,18050002,,,,,37.905,-122.466,,,,GPS-Unspecified,NAD83,0,ft,,,,Unknown,US,06,041,,,,,,,,,,STORET
EMAP_CS,Environmental Monitoring and Assessment Program,EMAP_CS-CA00-0033,SFBay Castro Point,Estuary,EPA frame design statistical weight:36.58;EPA frame design square kilometers:1091.7428;Statistical area the station represents in square kilometers for the water system:1091.7428;NOAA frame design square kilometers:6.519;NOAA frame design statistical hex size:2.81,18050002,,,,,37.934,-122.419,,,,GPS-Unspecified,NAD83,0,ft,,,,Unknown,US,06,013,,,,,,,,,,STORET
EMAP_CS,Environmental Monitoring and Assessment Program,EMAP_CS-CA00-0034,SFBay Central Bay,Estuary,EPA frame design statistical weight:36.58;EPA frame design square kilometers:1091.7428;Statistical area the station represents in square kilometers for the water system:1091.7428;NOAA frame design square kilometers:52.8168;NOAA frame design statistical hex size:6.79,18050002,,,,,37.879,-122.387,,,,GPS-Unspecified,NAD83,0,ft,,,,Unknown,US,06,075,,,,,,,,,,STORET
EMAP_CS,Environmental Monitoring and Assessment Program,EMAP_CS-CA00-0035,SFBay Treasure Island,Estuary,EPA frame design statistical weight:36.58;EPA frame design square kilometers:1091.7428;Statistical area the station represents in square kilometers for the water system:1091.7428;NOAA frame design square kilometers:3.4982;NOAA frame design statistical hex size:1.46,18050002,,,,,37.833,-122.358,,,,GPS-Unspecified,NAD83,0,ft,,,,Unknown,US,06,075,,,,,,,,,,STORET
EMAP_CS,Environmental Monitoring and Assessment Program,EMAP_CS-CA00-0036,SFBay Bay Bridge,Estuary,EPA frame design statistical weight:36.58;EPA frame design square kilometers:1091.7428;Statistical area the station represents in square kilometers for the water system:1091.7428;NOAA frame design square kilometers:3.4982;NOAA frame design statistical hex size:1.46,18050002,,,,,37.81,-122.347,,,,GPS-Unspecified,NAD83,0,ft,,,,Unknown,US,06,075,,,,,,,,,,STORET
EMAP_CS,Environmental Monitoring and Assessment Program,EMAP_CS-CA00-0037,Richardson Bay,Estuary,EPA frame design statistical weight:3.46;EPA frame design square kilometers:57.0274;Statistical area the station represents in square kilometers for the water system:10.0336;NOAA frame design square kilometers:8.1415;NOAA frame design statistical hex size:2.22,18050002,,,,,37.876,-122.478,,,,GPS-Unspecified,NAD83,0,ft,,,,Unknown,US,06,041,,,,,,,,,,STORET
EMAP_CS,Environmental Monitoring and Assessment Program,EMAP_CS-CA00-0044,San Rafael Bay,Estuary,EPA frame design statistical weight:3.46;EPA frame design square kilometers:57.0274;Statistical area the station represents in square kilometers for the water system:7.381;NOAA frame design square kilometers:-99;NOAA frame design statistical hex size:-99,18050002,,,,,37.965,-122.474,,,,GPS-Unspecified,NAD83,0,ft,,,,Unknown,US,06,041,,,,,,,,,,STORET
EMAP_CS_WQX,Environmental Monitoring and Assessment Program,EMAP_CS_WQX-CA00-0016,Sausalito,Estuary,Program: EMAP-West Coast/National Oceanic and Atmospheric Adm.,18050002,,,,,37.865,-122.494,,,,GPS-Unspecified,NAD83,,,,,,,US,06,041,,,,,,,,,,STORET
EMAP_CS_WQX,Environmental Monitoring and Assessment Program,EMAP_CS_WQX-CA00-0017,SFBay Berkeley,Estuary,Program: EMAP-West Coast/National Oceanic and Atmospheric Adm.; System: San Francisco Bay,18050002,,,,,37.868,-122.318,,,,GPS-Unspecified,NAD83,,,,,,,US,06,001,,,,,,,,,,STORET
EMAP_CS_WQX,Environmental Monitoring and Assessment Program,EMAP_CS_WQX-CA00-0031,San Rafael Bay,Estuary,Program: EMAP-West Coast/National Oceanic and Atmospheric Adm.,18050002,,,,,37.962,-122.468,,,,GPS-Unspecified,NAD83,,,,,,,US,06,041,,,,,,,,,,STORET
EMAP_CS_WQX,Environmental Monitoring and Assessment Program,EMAP_CS_WQX-CA00-0032,SFBay Paradise Cove,Estuary,Program: EMAP-West Coast/National Oceanic and Atmospheric Adm.; System: San Francisco Bay,18050002,,,,,37.905,-122.466,,,,GPS-Unspecified,NAD83,,,,,,,US,06,041,,,,,,,,,,STORET
EMAP_CS_WQX,Environmental Monitoring and Assessment Program,EMAP_CS_WQX-CA00-0033,SFBay Castro Point,Estuary,Program: EMAP-West Coast/National Oceanic and Atmospheric Adm.; System: San Francisco Bay,18050002,,,,,37.934,-122.419,,,,GPS-Unspecified,NAD83,,,,,,,US,06,013,,,,,,,,,,STORET
EMAP_CS_WQX,Environmental Monitoring and Assessment Program,EMAP_CS_WQX-CA00-0034,SFBay Central Bay,Estuary,Program: EMAP-West Coast/National Oceanic and Atmospheric Adm.; System: San Francisco Bay,18050002,,,,,37.879,-122.387,,,,GPS-Unspecified,NAD83,,,,,,,US,06,075,,,,,,,,,,STORET
EMAP_CS_WQX,Environmental Monitoring and Assessment Program,EMAP_CS_WQX-CA00-0035,SFBay Treasure Island,Estuary,Program: EMAP-West Coast/National Oceanic and Atmospheric Adm.; System: San Francisco Bay,18050002,,,,,37.833,-122.358,,,,GPS-Unspecified,NAD83,,,,,,,US,06,075,,,,,,,,,,STORET
EMAP_CS_WQX,Environmental Monitoring and Assessment Program,EMAP_CS_WQX-CA00-0036,SFBay Bay Bridge,Estuary,Program: EMAP-West Coast/National Oceanic and Atmospheric Adm.; System: San Francisco Bay,18050002,,,,,37.81,-122.347,,,,GPS-Unspecified,NAD83,,,,,,,US,06,075,,,,,,,,,,STORET
EMAP_CS_WQX,Environmental Monitoring and Assessment Program,EMAP_CS_WQX-CA00-0037,Richardson Bay,Estuary,Program: EMAP-West Coast/National Oceanic and Atmospheric Adm.,18050002,,,,,37.876,-122.478,,,,GPS-Unspecified,NAD83,,,,,,,US,06,041,,,,,,,,,,STORET
EMAP_CS_WQX,Environmental Monitoring and Assessment Program,EMAP_CS_WQX-CA00-0044,San Rafael Bay,Estuary,Program: EMAP-West Coast/EPA - Office of Research and Development,18050002,,,,,37.965,-122.474,,,,GPS-Unspecified,NAD83,,,,,,,US,06,041,,,,,,,,,,STORET
EMAP_CS_WQX,Environmental Monitoring and Assessment Program,EMAP_CS_WQX-CA01-0029,Central Bay,Estuary,Program: EMAP-West Coast/National Oceanic and Atmospheric Adm.,18050002,,,,,37.944,-122.466,,,,GPS-Unspecified,NAD83,,,,,,,US,06,041,,,,,,,,,,STORET
EMAP_CS_WQX,Environmental Monitoring and Assessment Program,EMAP_CS_WQX-CA01-0030,Central Bay,Estuary,Program: EMAP-West Coast/National Oceanic and Atmospheric Adm.,18050002,,,,,37.904,-122.401,,,,GPS-Unspecified,NAD83,,,,,,,US,06,075,,,,,,,,,,STORET
EMAP_CS_WQX,Environmental Monitoring and Assessment Program,EMAP_CS_WQX-CA01-0031,Central Bay,Estuary,Program: EMAP-West Coast/National Oceanic and Atmospheric Adm.,18050002,,,,,37.885,-122.422,,,,GPS-Unspecified,NAD83,,,,,,,US,06,075,,,,,,,,,,STORET
EMAP_CS_WQX,Environmental Monitoring and Assessment Program,EMAP_CS_WQX-CA01-0032,Central Bay,Estuary,Program: EMAP-West Coast/National Oceanic and Atmospheric Adm.,18050002,,,,,37.922,-122.394,,,,GPS-Unspecified,NAD83,,,,,,,US,06,013,,,,,,,,,,STORET
EMAP_CS_WQX,Environmental Monitoring and Assessment Program,EMAP_CS_WQX-CA01-0033,Central Bay,Estuary,Program: EMAP-West Coast/National Oceanic and Atmospheric Adm.,18050002,,,,,37.906,-122.398,,,,GPS-Unspecified,NAD83,,,,,,,US,06,013,,,,,,,,,,STORET
EMAP_CS_WQX,Environmental Monitoring and Assessment Program,EMAP_CS_WQX-CA01-0034,Central Bay,Estuary,Program: EMAP-West Coast/National Oceanic and Atmospheric Adm.,18050002,,,,,37.908,-122.39,,,,GPS-Unspecified,NAD83,,,,,,,US,06,013,,,,,,,,,,STORET
EMAP_CS_WQX,Environmental Monitoring and Assessment Program,EMAP_CS_WQX-CA01-0036,Central Bay,Estuary,Program: EMAP-West Coast/National Oceanic and Atmospheric Adm.,18050002,,,,,37.898,-122.335,,,,GPS-Unspecified,NAD83,,,,,,,US,06,013,,,,,,,,,,STORET
EMAP_CS_WQX,Environmental Monitoring and Assessment Program,EMAP_CS_WQX-CA01-0037,Central Bay,Estuary,Program: EMAP-West Coast/National Oceanic and Atmospheric Adm.,18050002,,,,,37.876,-122.361,,,,GPS-Unspecified,NAD83,,,,,,,US,06,001,,,,,,,,,,STORET
EMAP_CS_WQX,Environmental Monitoring and Assessment Program,EMAP_CS_WQX-CA01-0038,Central Bay,Estuary,Program: EMAP-West Coast/National Oceanic and Atmospheric Adm.,18050002,,,,,37.856,-122.375,,,,GPS-Unspecified,NAD83,,,,,,,US,06,075,,,,,,,,,,STORET
EMAP_CS_WQX,Environmental Monitoring and Assessment Program,EMAP_CS_WQX-CA01-0039,Central Bay,Estuary,Program: EMAP-West Coast/National Oceanic and Atmospheric Adm.,18050002,,,,,37.815,-122.368,,,,GPS-Unspecified,NAD83,,,,,,,US,06,075,,,,,,,,,,STORET
EMAP_CS_WQX,Environmental Monitoring and Assessment Program,EMAP_CS_WQX-CA01-0040,Central Bay,Estuary,Program: EMAP-West Coast/National Oceanic and Atmospheric Adm.,18050002,,,,,37.868,-122.405,,,,GPS-Unspecified,NAD83,,,,,,,US,06,075,,,,,,,,,,STORET
EMAP_CS_WQX,Environmental Monitoring and Assessment Program,EMAP_CS_WQX-CA01-0041,Central Bay,Estuary,Program: EMAP-West Coast/National Oceanic and Atmospheric Adm.,18050002,,,,,37.813,-122.463,,,,GPS-Unspecified,NAD83,,,,,,,US,06,075,,,,,,,,,,STORET
EMAP_CS_WQX,Environmental Monitoring and Assessment Program,EMAP_CS_WQX-CA01-0042,Central Bay,Estuary,Program: EMAP-West Coast/National Oceanic and Atmospheric Adm.,18050002,,,,,37.832,-122.383,,,,GPS-Unspecified,NAD83,,,,,,,US,06,075,,,,,,,,,,STORET
EMAP_CS_WQX,Environmental Monitoring and Assessment Program,EMAP_CS_WQX-CA01-0043,Central Bay,Estuary,Program: EMAP-West Coast/National Oceanic and Atmospheric Adm.,18050002,,,,,37.883,-122.486,,,,GPS-Unspecified,NAD83,,,,,,,US,06,041,,,,,,,,,,STORET
EMAP_CS_WQX,Environmental Monitoring and Assessment Program,EMAP_CS_WQX-CA01-0044,Central Bay,Estuary,Program: EMAP-West Coast/National Oceanic and Atmospheric Adm.,18050002,,,,,37.87,-122.484,,,,GPS-Unspecified,NAD83,,,,,,,US,06,041,,,,,,,,,,STORET
EMAP_CS_WQX,Environmental Monitoring and Assessment Program,EMAP_CS_WQX-CA01-0045,Central Bay,Estuary,Program: EMAP-West Coast/National Oceanic and Atmospheric Adm.,18050002,,,,,37.81,-122.43,,,,GPS-Unspecified,NAD83,,,,,,,US,06,075,,,,,,,,,,STORET
EMAP_CS_WQX,Environmental Monitoring and Assessment Program,EMAP_CS_WQX-CA01-0046,Central Bay,Estuary,Program: EMAP-West Coast/National Oceanic and Atmospheric Adm.,18050002,,,,,37.81,-122.427,,,,GPS-Unspecified,NAD83,,,,,,,US,06,075,,,,,,,,,,STORET
EMAP_CS_WQX,Environmental Monitoring and Assessment Program,EMAP_CS_WQX-CA01-0047,Central Bay,Estuary,Program: EMAP-West Coast/National Oceanic and Atmospheric Adm.,18050002,,,,,37.803,-122.397,,,,GPS-Unspecified,NAD83,,,,,,,US,06,075,,,,,,,,,,STORET
EMAP_CS_WQX,Environmental Monitoring and Assessment Program,EMAP_CS_WQX-CA01-0057,Central Bay,Estuary,Program: EMAP-West Coast/National Oceanic and Atmospheric Adm.,18050002,,,,,37.821,-122.314,,,,GPS-Unspecified,NAD83,,,,,,,US,06,001,,,,,,,,,,STORET
EMAP_CS_WQX,Environmental Monitoring and Assessment Program,EMAP_CS_WQX-CA01-0094,Central Bay,Estuary,Program: EMAP-West Coast/National Oceanic and Atmospheric Adm.,18050002,,,,,37.88,-122.504,,,,GPS-Unspecified,NAD83,,,,,,,US,06,041,,,,,,,,,,STORET
EMAP_CS_WQX,Environmental Monitoring and Assessment Program,EMAP_CS_WQX-CA01-0095,Central Bay,Estuary,Program: EMAP-West Coast/National Oceanic and Atmospheric Adm.,18050002,,,,,37.879,-122.505,,,,GPS-Unspecified,NAD83,,,,,,,US,06,041,,,,,,,,,,STORET
EMAP_CS_WQX,Environmental Monitoring and Assessment Program,EMAP_CS_WQX-CA01-0096,Central Bay,Estuary,Program: EMAP-West Coast/National Oceanic and Atmospheric Adm.,18050002,,,,,37.839,-122.314,,,,GPS-Unspecified,NAD83,,,,,,,US,06,001,,,,,,,,,,STORET
EMAP_CS_WQX,Environmental Monitoring and Assessment Program,EMAP_CS_WQX-CA04-0011,San Francisco Bay,Estuary,Program: EMAP-West Coast/Moss Landing Marine Laboratory,18050002,,,,,37.9,-122.4,,,,GPS-Unspecified,NAD83,,,,,,,US,06,075,,,,,,,,,,STORET
EMAP_CS_WQX,Environmental Monitoring and Assessment Program,EMAP_CS_WQX-CA04-0019,San Francisco Bay,Estuary,Program: EMAP-West Coast/Moss Landing Marine Laboratory,18050002,,,,,37.9,-122.4,,,,GPS-Unspecified,NAD83,,,,,,,US,06,075,,,,,,,,,,STORET
NARSTEST,EPA National Aquatic Resources Survey (NARS),NARSTEST-16-1,SFBAY NOAA Station (2000),Estuary,"Sediment=""0"";NOAAFrame_SQ_K=""38.6652"";NOAAAreaWt=""10.01"";Fish=""0"";WQ=""0"";2000=""0"";STRATA_ID=""na"";1999=""0"";Sampling-group=""NOAA"";NOAAStrata_ID=""ca-sanfran00-16"";NOAA_ID=""16-1"";1997=""0"";1998=""0"" See NCCA publications for description of fields stored in this comment field.",18050002,,,,,37.91938,-122.44992,,100,m,GPS Code (Pseudo Range) Differential,NAD83,,,,,,,US,06,041,,,,,,,,,,STORET
NARSTEST,EPA National Aquatic Resources Survey (NARS),NARSTEST-17-1,SFBAY NOAA Station (2000),Estuary,"Sediment=""0"";NOAAFrame_SQ_K=""6.519"";NOAAAreaWt=""2.81"";Fish=""0"";WQ=""0"";2000=""0"";STRATA_ID=""na"";1999=""0"";Sampling-group=""NOAA"";NOAAStrata_ID=""ca-sanfran00-17"";NOAA_ID=""17-1"";1997=""0"";1998=""0"" See NCCA publications for description of fields stored in this comment field.",18050002,,,,,37.95231,-122.42291,,100,m,GPS Code (Pseudo Range) Differential,NAD83,,,,,,,US,06,013,,,,,,,,,,STORET
NARSTEST,EPA National Aquatic Resources Survey (NARS),NARSTEST-18-1,SFBAY NOAA Station (2000),Estuary,"Sediment=""0"";NOAAFrame_SQ_K=""0.8273"";NOAAAreaWt=""0.42"";Fish=""0"";WQ=""0"";2000=""0"";STRATA_ID=""na"";1999=""0"";Sampling-group=""NOAA"";NOAAStrata_ID=""ca-sanfran00-18"";NOAA_ID=""18-1"";1997=""0"";1998=""0"" See NCCA publications for description of fields stored in this comment field.",18050002,,,,,37.90727,-122.39386,,100,m,GPS Code (Pseudo Range) Differential,NAD83,,,,,,,US,06,013,,,,,,,,,,STORET
NARSTEST,EPA National Aquatic Resources Survey (NARS),NARSTEST-19-3,SFBAY NOAA Station (2000),Estuary,"Sediment=""0"";NOAAFrame_SQ_K=""0.6722"";NOAAAreaWt=""0.31"";Fish=""0"";WQ=""0"";2000=""0"";STRATA_ID=""na"";1999=""0"";Sampling-group=""NOAA"";NOAAStrata_ID=""ca-sanfran00-19"";NOAA_ID=""19-3"";1997=""0"";1998=""0"" See NCCA publications for description of fields stored in this comment field.",18050002,,,,,37.90843,-122.36127,,100,m,GPS Code (Pseudo Range) Differential,NAD83,,,,,,,US,06,013,,,,,,,,,,STORET
NARSTEST,EPA National Aquatic Resources Survey (NARS),NARSTEST-20-5,SFBAY NOAA Station (2000),Estuary,"Sediment=""0"";NOAAFrame_SQ_K=""52.8168"";NOAAAreaWt=""6.79"";Fish=""0"";WQ=""0"";2000=""0"";STRATA_ID=""na"";1999=""0"";Sampling-group=""NOAA"";NOAAStrata_ID=""ca-sanfran00-20"";NOAA_ID=""20-5"";1997=""0"";1998=""0"" See NCCA publications for description of fields stored in this comment field.",18050002,,,,,37.85431,-122.33817,,100,m,GPS Code (Pseudo Range) Differential,NAD83,,,,,,,US,06,001,,,,,,,,,,STORET
NARSTEST,EPA National Aquatic Resources Survey (NARS),NARSTEST-20-6,SFBAY NOAA Station (2000),Estuary,"Sediment=""0"";NOAAFrame_SQ_K=""52.8168"";NOAAAreaWt=""6.79"";Fish=""0"";WQ=""0"";2000=""0"";STRATA_ID=""na"";1999=""0"";Sampling-group=""NOAA"";NOAAStrata_ID=""ca-sanfran00-20"";NOAA_ID=""20-6"";1997=""0"";1998=""0"" See NCCA publications for description of fields stored in this comment field.",18050002,,,,,37.81329,-122.34175,,100,m,GPS Code (Pseudo Range) Differential,NAD83,,,,,,,US,06,001,,,,,,,,,,STORET
NARSTEST,EPA National Aquatic Resources Survey (NARS),NARSTEST-22-1,SFBAY NOAA Station (2000),Estuary,"Sediment=""0"";NOAAFrame_SQ_K=""60.6783"";NOAAAreaWt=""8.87"";Fish=""0"";WQ=""0"";2000=""0"";STRATA_ID=""na"";1999=""0"";Sampling-group=""NOAA"";NOAAStrata_ID=""ca-sanfran00-22"";NOAA_ID=""22-1"";1997=""0"";1998=""0"" See NCCA publications for description of fields stored in this comment field.",18050002,,,,,37.84814,-122.46741,,100,m,GPS Code (Pseudo Range) Differential,NAD83,,,,,,,US,06,041,,,,,,,,,,STORET
NARSTEST,EPA National Aquatic Resources Survey (NARS),NARSTEST-22-3,SFBAY NOAA Station (2000),Estuary,"Sediment=""0"";NOAAFrame_SQ_K=""60.6783"";NOAAAreaWt=""8.87"";Fish=""0"";WQ=""0"";2000=""0"";STRATA_ID=""na"";1999=""0"";Sampling-group=""NOAA"";NOAAStrata_ID=""ca-sanfran00-22"";NOAA_ID=""22-3"";1997=""0"";1998=""0"" See NCCA publications for description of fields stored in this comment field.",18050002,,,,,37.83879,-122.45016,,100,m,GPS Code (Pseudo Range) Differential,NAD83,,,,,,,US,06,075,,,,,,,,,,STORET
NARSTEST,EPA National Aquatic Resources Survey (NARS),NARSTEST-22-6,SFBAY NOAA Station (2000),Estuary,"Sediment=""0"";NOAAFrame_SQ_K=""60.6783"";NOAAAreaWt=""8.87"";Fish=""0"";WQ=""0"";2000=""0"";STRATA_ID=""na"";1999=""0"";Sampling-group=""NOAA"";NOAAStrata_ID=""ca-sanfran00-22"";NOAA_ID=""22-6"";1997=""0"";1998=""0"" See NCCA publications for description of fields stored in this comment field.",18050002,,,,,37.81077,-122.3864,,100,m,GPS Code (Pseudo Range) Differential,NAD83,,,,,,,US,06,075,,,,,,,,,,STORET
NARSTEST,EPA National Aquatic Resources Survey (NARS),NARSTEST-24-2,SFBAY NOAA Station (2000),Estuary,"Sediment=""0"";NOAAFrame_SQ_K=""0.8365"";NOAAAreaWt=""0.42"";Fish=""0"";WQ=""0"";2000=""0"";STRATA_ID=""na"";1999=""0"";Sampling-group=""NOAA"";NOAAStrata_ID=""ca-sanfran00-24"";NOAA_ID=""24-2"";1997=""0"";1998=""0"" See NCCA publications for description of fields stored in this comment field.",18050002,,,,,37.8098,-122.43466,,100,m,GPS Code (Pseudo Range) Differential,NAD83,,,,,,,US,06,075,,,,,,,,,,STORET
NARSTEST,EPA National Aquatic Resources Survey (NARS),NARSTEST-25-3,SFBAY NOAA Station (2000),Estuary,"Sediment=""0"";NOAAFrame_SQ_K=""0.6104"";NOAAAreaWt=""0.22"";Fish=""0"";WQ=""0"";2000=""0"";STRATA_ID=""na"";1999=""0"";Sampling-group=""NOAA"";NOAAStrata_ID=""ca-sanfran00-25"";NOAA_ID=""25-3"";1997=""0"";1998=""0"" See NCCA publications for description of fields stored in this comment field.",18050002,,,,,37.80007,-122.3961,,100,m,GPS Code (Pseudo Range) Differential,NAD83,,,,,,,US,06,075,,,,,,,,,,STORET
NARSTEST,EPA National Aquatic Resources Survey (NARS),NARSTEST-31-2,SFBAY NOAA Station (2000),Estuary,"Sediment=""0"";NOAAFrame_SQ_K=""3.3014"";NOAAAreaWt=""0.55"";Fish=""0"";WQ=""0"";2000=""0"";STRATA_ID=""na"";1999=""0"";Sampling-group=""NOAA"";NOAAStrata_ID=""ca-sanfran00-31"";NOAA_ID=""31-2"";1997=""0"";1998=""0"" See NCCA publications for description of fields stored in this comment field.",18050002,,,,,37.81413,-122.32335,,100,m,GPS Code (Pseudo Range) Differential,NAD83,,,,,,,US,06,001,,,,,,,,,,STORET
NARSTEST,EPA National Aquatic Resources Survey (NARS),NARSTEST-CAN05-0010,San Francisco Bay,Estuary,"Frame_SQ_K=""1148.7702"";Strata=""SF Bay System"";SamplingGroup=""MLML"";SQKilometers=""1091.7428"" See NCCA publications for description of fields stored in this comment field.",18050002,,,,,37.8384,-122.3113,,100,m,GPS Code (Pseudo Range) Differential,NAD83,,,,,,,US,06,001,,,,,,,,,,STORET
NARSTEST,EPA National Aquatic Resources Survey (NARS),NARSTEST-CEW04480-194,San Francisco Bay,Estuary,"Strata=""CA_SanFran"";SQKilometers=""0"";HexSize=""56.70589682"" See NCCA publications for description of fields stored in this comment field.",18050002,,,,,37.818782,-122.387731,,100,m,GPS Code (Pseudo Range) Differential,NAD83,,,,,,,US,06,075,,,,,,,,,,STORET
NARSTEST,EPA National Aquatic Resources Survey (NARS),NARSTEST-CEW04480-195,San Francisco Bay - Duplicate Station CA04-QA02,Estuary,"Strata=""CA_SanFran"";SQKilometers=""0"";HexSize=""56.70589682"" See NCCA publications for description of fields stored in this comment field.",18050002,,,,,37.901741,-122.415928,,100,m,GPS Code (Pseudo Range) Differential,NAD83,,,,,,,US,06,075,,,,,,,,,,STORET
NARSTEST,EPA National Aquatic Resources Survey (NARS),NARSTEST-CEW04480-203,San Francisco Bay,Estuary,"Strata=""CA_SanFran"";SQKilometers=""0"";HexSize=""56.70589682"" See NCCA publications for description of fields stored in this comment field.",18050002,,,,,37.905607,-122.392184,,100,m,GPS Code (Pseudo Range) Differential,NAD83,,,,,,,US,06,013,,,,,,,,,,STORET
NARSTEST,EPA National Aquatic Resources Survey (NARS),NARSTEST-CEW04480-210,San Francisco Bay,Estuary,"Strata=""CA_SanFran"";SQKilometers=""0"";HexSize=""56.70589682"" See NCCA publications for description of fields stored in this comment field.",18050002,,,,,37.879198,-122.341757,,100,m,GPS Code (Pseudo Range) Differential,NAD83,,,,,,,US,06,001,,,,,,,,,,STORET
NARSTEST,EPA National Aquatic Resources Survey (NARS),NARSTEST-CEW04480-211,San Francisco Bay,Estuary,"Strata=""CA_SanFran"";SQKilometers=""0"";HexSize=""56.70589682"" See NCCA publications for description of fields stored in this comment field.",18050002,,,,,37.948799,-122.458436,,100,m,GPS Code (Pseudo Range) Differential,NAD83,,,,,,,US,06,041,,,,,,,,,,STORET
NARSTEST,EPA National Aquatic Resources Survey (NARS),NARSTEST-CEW04480-215,San Francisco Bay,Estuary,"Strata=""CA_SanFran"";SQKilometers=""0"";HexSize=""56.70589682"" See NCCA publications for description of fields stored in this comment field.",18050002,,,,,37.84737,-122.413254,,100,m,GPS Code (Pseudo Range) Differential,NAD83,,,,,,,US,06,075,,,,,,,,,,STORET
NARSTEST,EPA National Aquatic Resources Survey (NARS),NARSTEST-CEW04480-219,San Francisco Bay,Estuary,"Strata=""CA_SanFran"";SQKilometers=""0"";HexSize=""56.70589682"" See NCCA publications for description of fields stored in this comment field.",18050002,,,,,37.835737,-122.44791,,100,m,GPS Code (Pseudo Range) Differential,NAD83,,,,,,,US,06,075,,,,,,,,,,STORET
NARS_WQX,EPA National Aquatic Resources Survey (NARS),NARS_WQX-CA00-0016,SAUSALITO,Ocean,"Sediment=""0"";NOAAFrame_SQ_K=""3.1698"";NOAAAreaWt=""1.46"";Fish=""0"";WQ=""0"";2000=""0"";STRATA_ID=""CA00-011"";1999=""0"";FRAME_SQ_K=""57.0274"";Sampling-group=""NOAA"";NOAAStrata_ID=""ca-sanfran00-47"";NOAA_ID=""47-3"";1997=""0"";1998=""0"";Note=""See NCCA publications for description of fields stored in this comment field.""",18050002,,,,,37.86489,-122.49351,,100,m,GPS Code (Pseudo Range) Differential,NAD83,,,,,,,US,06,041,,,,,,,,,,STORET
NARS_WQX,EPA National Aquatic Resources Survey (NARS),NARS_WQX-CA00-0017,SFBAY BERKELEY,Estuary,"Sediment=""0"";NOAAFrame_SQ_K=""3.1698"";NOAAAreaWt=""1.46"";Fish=""0"";WQ=""0"";2000=""0"";STRATA_ID=""CA00-012"";1999=""0"";FRAME_SQ_K=""1091.7428"";Sampling-group=""NOAA"";NOAAStrata_ID=""ca-sanfran00-47"";NOAA_ID=""47-4"";1997=""0"";1998=""0"";Note=""See NCCA publications for description of fields stored in this comment field.""",18050002,,,,,37.86799,-122.31753,,100,m,GPS Code (Pseudo Range) Differential,NAD83,,,,,,,US,06,001,,,,,,,,,,STORET
NARS_WQX,EPA National Aquatic Resources Survey (NARS),NARS_WQX-CA00-0031,SAN RAFAEL BAY,Estuary,"Sediment=""0"";NOAAFrame_SQ_K=""19.2673"";NOAAAreaWt=""5.41"";Fish=""0"";WQ=""0"";2000=""0"";STRATA_ID=""CA00-011"";1999=""0"";FRAME_SQ_K=""57.0274"";Sampling-group=""NOAA"";NOAAStrata_ID=""ca-sanfran00-15"";NOAA_ID=""15-1"";1997=""0"";1998=""0"";Note=""See NCCA publications for description of fields stored in this comment field.""",18050002,,,,,37.96239,-122.46772,,100,m,GPS Code (Pseudo Range) Differential,NAD83,,,,,,,US,06,041,,,,,,,,,,STORET
NARS_WQX,EPA National Aquatic Resources Survey (NARS),NARS_WQX-CA00-0032,SFBAY PARADISE COVE,Estuary,"Sediment=""0"";NOAAFrame_SQ_K=""19.2673"";NOAAAreaWt=""5.41"";Fish=""0"";WQ=""0"";2000=""0"";STRATA_ID=""CA00-012"";1999=""0"";FRAME_SQ_K=""1091.7428"";Sampling-group=""NOAA"";NOAAStrata_ID=""ca-sanfran00-15"";NOAA_ID=""15-3"";1997=""0"";1998=""0"";Note=""See NCCA publications for description of fields stored in this comment field.""",18050002,,,,,37.90475,-122.46583,,100,m,GPS Code (Pseudo Range) Differential,NAD83,,,,,,,US,06,041,,,,,,,,,,STORET
NARS_WQX,EPA National Aquatic Resources Survey (NARS),NARS_WQX-CA00-0033,SFBAY CASTRO POINT,Estuary,"Sediment=""0"";NOAAFrame_SQ_K=""6.519"";NOAAAreaWt=""2.81"";Fish=""0"";WQ=""0"";2000=""0"";STRATA_ID=""CA00-012"";1999=""0"";FRAME_SQ_K=""1091.7428"";Sampling-group=""NOAA"";NOAAStrata_ID=""ca-sanfran00-17"";NOAA_ID=""17-2"";1997=""0"";1998=""0"";Note=""See NCCA publications for description of fields stored in this comment field.""",18050002,,,,,37.93411,-122.41868,,100,m,GPS Code (Pseudo Range) Differential,NAD83,,,,,,,US,06,013,,,,,,,,,,STORET
NARS_WQX,EPA National Aquatic Resources Survey (NARS),NARS_WQX-CA00-0034,SFBAY CENTRAL BAY,Estuary,"Sediment=""0"";NOAAFrame_SQ_K=""52.8168"";NOAAAreaWt=""6.79"";Fish=""0"";WQ=""0"";2000=""0"";STRATA_ID=""CA00-012"";1999=""0"";FRAME_SQ_K=""1091.7428"";Sampling-group=""NOAA"";NOAAStrata_ID=""ca-sanfran00-20"";NOAA_ID=""20-1"";1997=""0"";1998=""0"";Note=""See NCCA publications for description of fields stored in this comment field.""",18050002,,,,,37.87874,-122.38702,,100,m,GPS Code (Pseudo Range) Differential,NAD83,,,,,,,US,06,075,,,,,,,,,,STORET
NARS_WQX,EPA National Aquatic Resources Survey (NARS),NARS_WQX-CA00-0035,SFBAY TREASURE ISLAND,Estuary,"Sediment=""0"";NOAAFrame_SQ_K=""3.4982"";NOAAAreaWt=""1.46"";Fish=""0"";WQ=""0"";2000=""0"";STRATA_ID=""CA00-012"";1999=""0"";FRAME_SQ_K=""1091.7428"";Sampling-group=""NOAA"";NOAAStrata_ID=""ca-sanfran00-21"";NOAA_ID=""21-1"";1997=""0"";1998=""0"";Note=""See NCCA publications for description of fields stored in this comment field.""",18050002,,,,,37.83337,-122.35784,,100,m,GPS Code (Pseudo Range) Differential,NAD83,,,,,,,US,06,075,,,,,,,,,,STORET
NARS_WQX,EPA National Aquatic Resources Survey (NARS),NARS_WQX-CA00-0036,SFBAY BAY BRIDGE,Estuary,"Sediment=""0"";NOAAFrame_SQ_K=""3.4982"";NOAAAreaWt=""1.46"";Fish=""0"";WQ=""0"";2000=""0"";STRATA_ID=""CA00-012"";1999=""0"";FRAME_SQ_K=""1091.7428"";Sampling-group=""NOAA"";NOAAStrata_ID=""ca-sanfran00-21"";NOAA_ID=""21-3"";1997=""0"";1998=""0"";Note=""See NCCA publications for description of fields stored in this comment field.""",18050002,,,,,37.81033,-122.34713,,100,m,GPS Code (Pseudo Range) Differential,NAD83,,,,,,,US,06,075,,,,,,,,,,STORET
NARS_WQX,EPA National Aquatic Resources Survey (NARS),NARS_WQX-CA00-0037,RICHARDSON BAY,Estuary,"Sediment=""0"";NOAAFrame_SQ_K=""8.1415"";NOAAAreaWt=""2.22"";Fish=""0"";WQ=""0"";2000=""0"";STRATA_ID=""CA00-011"";1999=""0"";FRAME_SQ_K=""57.0274"";Sampling-group=""NOAA"";NOAAStrata_ID=""ca-sanfran00-23"";NOAA_ID=""23-2"";1997=""0"";1998=""0"";Note=""See NCCA publications for description of fields stored in this comment field.""",18050002,,,,,37.87638,-122.47797,,100,m,GPS Code (Pseudo Range) Differential,NAD83,,,,,,,US,06,041,,,,,,,,,,STORET
NARS_WQX,EPA National Aquatic Resources Survey (NARS),NARS_WQX-CA00-0044,San Rafael Bay,Estuary,"Sediment=""0"";Fish=""0"";WQ=""0"";2000=""0"";STRATA_ID=""CA00-011"";1999=""0"";FRAME_SQ_K=""57.0274"";Sampling-group=""EPA"";NOAA_ID=""44-0"";1997=""0"";1998=""0"";Note=""See NCCA publications for description of fields stored in this comment field.""",18050002,,,,,37.96475,-122.47377,,100,m,GPS Code (Pseudo Range) Differential,NAD83,,,,,,,US,06,041,,,,,,,,,,STORET
NARS_WQX,EPA National Aquatic Resources Survey (NARS),NARS_WQX-CA04-0010,San Francisco Bay,Estuary,"Strata=""CA_SanFran"";HexSize=""56.70589682"";SQKilometers=""0"";Note=""See NCCA publications for description of fields stored in this comment field.""",18050002,,,,,37.818782,-122.387731,,100,m,GPS Code (Pseudo Range) Differential,NAD83,,,,,,,US,06,075,,,,,,,,,,STORET
NARS_WQX,EPA National Aquatic Resources Survey (NARS),NARS_WQX-CA04-0011,San Francisco Bay - Duplicate Station CA04-QA02,Estuary,"Strata=""CA_SanFran"";HexSize=""56.70589682"";SQKilometers=""0"";Note=""See NCCA publications for description of fields stored in this comment field.""",18050002,,,,,37.901741,-122.415928,,100,m,GPS Code (Pseudo Range) Differential,NAD83,,,,,,,US,06,075,,,,,,,,,,STORET
NARS_WQX,EPA National Aquatic Resources Survey (NARS),NARS_WQX-CA04-0019,San Francisco Bay,Estuary,"Strata=""CA_SanFran"";HexSize=""56.70589682"";SQKilometers=""0"";Note=""See NCCA publications for description of fields stored in this comment field.""",18050002,,,,,37.905607,-122.392184,,100,m,GPS Code (Pseudo Range) Differential,NAD83,,,,,,,US,06,013,,,,,,,,,,STORET
NARS_WQX,EPA National Aquatic Resources Survey (NARS),NARS_WQX-CA04-0055,San Francisco Bay,Estuary,"Strata=""CA_SanFran"";HexSize=""56.70589682"";SQKilometers=""0"";Note=""See NCCA publications for description of fields stored in this comment field.""",18050002,,,,,37.879198,-122.341757,,100,m,GPS Code (Pseudo Range) Differential,NAD83,,,,,,,US,06,001,,,,,,,,,,STORET
NARS_WQX,EPA National Aquatic Resources Survey (NARS),NARS_WQX-CA04-0056,San Francisco Bay,Estuary,"Strata=""CA_SanFran"";HexSize=""56.70589682"";SQKilometers=""0"";Note=""See NCCA publications for description of fields stored in this comment field.""",18050002,,,,,37.948799,-122.458436,,100,m,GPS Code (Pseudo Range) Differential,NAD83,,,,,,,US,06,041,,,,,,,,,,STORET
NARS_WQX,EPA National Aquatic Resources Survey (NARS),NARS_WQX-CA04-0060,San Francisco Bay,Estuary,"Strata=""CA_SanFran"";HexSize=""56.70589682"";SQKilometers=""0"";Note=""See NCCA publications for description of fields stored in this comment field.""",18050002,,,,,37.84737,-122.413254,,100,m,GPS Code (Pseudo Range) Differential,NAD83,,,,,,,US,06,075,,,,,,,,,,STORET
NARS_WQX,EPA National Aquatic Resources Survey (NARS),NARS_WQX-CA04-0064,San Francisco Bay,Estuary,"Strata=""CA_SanFran"";HexSize=""56.70589682"";SQKilometers=""0"";Note=""See NCCA publications for description of fields stored in this comment field.""",18050002,,,,,37.835737,-122.44791,,100,m,GPS Code (Pseudo Range) Differential,NAD83,,,,,,,US,06,075,,,,,,,,,,STORET
NARS_WQX,EPA National Aquatic Resources Survey (NARS),NARS_WQX-CN05-0010,San Francisco Bay,Estuary,"Frame_SQ_K=""1148.7702"";Strata=""SF Bay System"";SamplingGroup=""MLML"";SQKilometers=""1091.7428"";Note=""See NCCA publications for description of fields stored in this comment field.""",18050002,,,,,37.8384,-122.3113,,100,m,GPS Code (Pseudo Range) Differential,NAD83,,,,,,,US,06,001,,,,,,,,,,STORET
NARS_WQX,EPA National Aquatic Resources Survey (NARS),NARS_WQX-NCA_CA-10235,NCA_CA-10235,Ocean,,18050002,,,,,37.82219,-122.34926,,,,GPS-Unspecified,NAD83,5.5,m,,,Unknown,UNKWN,US,06,001,,,,,,,,,,STORET
NARS_WQX,EPA National Aquatic Resources Survey (NARS),NARS_WQX-NCA_CA-10240,NCA_CA-10240,Ocean,,18050002,,,,,37.87629,-122.36145,,,,GPS-Unspecified,NAD83,2.6,m,,,Unknown,UNKWN,US,06,001,,,,,,,,,,STORET
NARS_WQX,EPA National Aquatic Resources Survey (NARS),NARS_WQX-NCA_CA-10241,NCA_CA-10241,Ocean,,18050002,,,,,37.93837,-122.49602,,,,GPS-Unspecified,NAD83,4.2,m,,,Unknown,UNKWN,US,06,041,,,,,,,,,,STORET
NARS_WQX,EPA National Aquatic Resources Survey (NARS),NARS_WQX-NCA_CA-10242,NCA_CA-10242,Ocean,,18050002,,,,,37.94325,-122.47545,,,,GPS-Unspecified,NAD83,2.6,m,,,Unknown,UNKWN,US,06,041,,,,,,,,,,STORET
NARS_WQX,EPA National Aquatic Resources Survey (NARS),NARS_WQX-NCA_CA-10243,NCA_CA-10243,Ocean,,18050002,,,,,37.85527001,-122.39264,,,,GPS-Unspecified,NAD83,8.8,m,,,Unknown,UNKWN,US,06,075,,,,,,,,,,STORET
NARS_WQX,EPA National Aquatic Resources Survey (NARS),NARS_WQX-NCA_CA-10262,NCA_CA-10262,Ocean,,18050002,,,,,37.83965236,-122.3341792,,,,GPS-Unspecified,NAD83,3.8,m,,,Unknown,UNKWN,US,06,001,,,,,,,,,,STORET
NARS_WQX,EPA National Aquatic Resources Survey (NARS),NARS_WQX-NCCA10-BC11,NCCA10-BC11,Other-Surface Water,WTBDY_NM: CentralBay-PROVINCE: Californian Province-DSNTYPE: NCCA-MDCATY: Central BaySTATUS10: Target_Sampled-STRATUM: SFB_Central_Bay-WGT_CAT: NCA_CA_SFB_Central_Bay-WGT_NCCA10: 86.9681083-RSRC_CLASS: NCA_Estuarine_Coastal-COMMENT:,18050002,,,,,37.82219,-122.34926,,,,GPS-Unspecified,WGS84,7.1,m,,,Unknown,UNKWN,US,06,001,,,,,,,,,,STORET
NARS_WQX,EPA National Aquatic Resources Survey (NARS),NARS_WQX-NCCA10-CB001S,NCCA10-CB001S,Other-Surface Water,WTBDY_NM: CentralBay-PROVINCE: Californian Province-DSNTYPE: NCCA-MDCATY: Central BaySTATUS10: Target_Sampled-STRATUM: SFB_Central_Bay-WGT_CAT: NCA_CA_SFB_Central_Bay-WGT_NCCA10: 86.9681083-RSRC_CLASS: NCA_Estuarine_Coastal-COMMENT:,18050002,,,,,37.87629,-122.36145,,,,GPS-Unspecified,WGS84,3.1,m,,,Unknown,UNKWN,US,06,001,,,,,,,,,,STORET
NARS_WQX,EPA National Aquatic Resources Survey (NARS),NARS_WQX-NCCA10-CB043S,NCCA10-CB043S,Other-Surface Water,WTBDY_NM: CentralBay-PROVINCE: Californian Province-DSNTYPE: NCCA-MDCATY: Central BaySTATUS10: Target_Sampled-STRATUM: SFB_Central_Bay-WGT_CAT: NCA_CA_SFB_Central_Bay-WGT_NCCA10: 86.9681083-RSRC_CLASS: NCA_Estuarine_Coastal-COMMENT:,18050002,,,,,37.93837,-122.49602,,,,GPS-Unspecified,WGS84,4.4,m,,,Unknown,UNKWN,US,06,041,,,,,,,,,,STORET
NARS_WQX,EPA National Aquatic Resources Survey (NARS),NARS_WQX-NCCA10-CB075S,NCCA10-CB075S,Other-Surface Water,WTBDY_NM: CentralBay-PROVINCE: Californian Province-DSNTYPE: NCCA-MDCATY: Central BaySTATUS10: Target_Sampled-STRATUM: SFB_Central_Bay-WGT_CAT: NCA_CA_SFB_Central_Bay-WGT_NCCA10: 86.9681083-RSRC_CLASS: NCA_Estuarine_Coastal-COMMENT:,18050002,,,,,37.94325,-122.47545,,,,GPS-Unspecified,WGS84,3.3,m,,,Unknown,UNKWN,US,06,041,,,,,,,,,,STORET
NARS_WQX,EPA National Aquatic Resources Survey (NARS),NARS_WQX-NCCA10-CB121S,NCCA10-CB121S,Other-Surface Water,WTBDY_NM: CentralBay-PROVINCE: Californian Province-DSNTYPE: NCCA-MDCATY: Central BaySTATUS10: Target_Sampled-STRATUM: SFB_Central_Bay-WGT_CAT: NCA_CA_SFB_Central_Bay-WGT_NCCA10: 86.9681083-RSRC_CLASS: NCA_Estuarine_Coastal-COMMENT:,18050002,,,,,37.85527,-122.39264,,,,GPS-Unspecified,WGS84,9.8,m,,,Unknown,UNKWN,US,06,075,,,,,,,,,,STORET
NARS_WQX,EPA National Aquatic Resources Survey (NARS),NARS_WQX-NOAA 16-1,SFBAY NOAA Station (2000),Estuary,"Sediment=""0"";NOAAFrame_SQ_K=""38.6652"";NOAAAreaWt=""10.01"";Fish=""0"";WQ=""0"";2000=""0"";STRATA_ID=""na"";1999=""0"";Sampling-group=""NOAA"";NOAAStrata_ID=""ca-sanfran00-16"";NOAA_ID=""16-1"";1997=""0"";1998=""0"";Note=""See NCCA publications for description of fields stored in this comment field.""",18050002,,,,,37.91938,-122.44992,,100,m,GPS Code (Pseudo Range) Differential,NAD83,,,,,,,US,06,041,,,,,,,,,,STORET
NARS_WQX,EPA National Aquatic Resources Survey (NARS),NARS_WQX-NOAA 17-1,SFBAY NOAA Station (2000),Estuary,"Sediment=""0"";NOAAFrame_SQ_K=""6.519"";NOAAAreaWt=""2.81"";Fish=""0"";WQ=""0"";2000=""0"";STRATA_ID=""na"";1999=""0"";Sampling-group=""NOAA"";NOAAStrata_ID=""ca-sanfran00-17"";NOAA_ID=""17-1"";1997=""0"";1998=""0"";Note=""See NCCA publications for description of fields stored in this comment field.""",18050002,,,,,37.95231,-122.42291,,100,m,GPS Code (Pseudo Range) Differential,NAD83,,,,,,,US,06,013,,,,,,,,,,STORET
NARS_WQX,EPA National Aquatic Resources Survey (NARS),NARS_WQX-NOAA 18-1,SFBAY NOAA Station (2000),Estuary,"Sediment=""0"";NOAAFrame_SQ_K=""0.8273"";NOAAAreaWt=""0.42"";Fish=""0"";WQ=""0"";2000=""0"";STRATA_ID=""na"";1999=""0"";Sampling-group=""NOAA"";NOAAStrata_ID=""ca-sanfran00-18"";NOAA_ID=""18-1"";1997=""0"";1998=""0"";Note=""See NCCA publications for description of fields stored in this comment field.""",18050002,,,,,37.90727,-122.39386,,100,m,GPS Code (Pseudo Range) Differential,NAD83,,,,,,,US,06,013,,,,,,,,,,STORET
NARS_WQX,EPA National Aquatic Resources Survey (NARS),NARS_WQX-NOAA 19-3,SFBAY NOAA Station (2000),Estuary,"Sediment=""0"";NOAAFrame_SQ_K=""0.6722"";NOAAAreaWt=""0.31"";Fish=""0"";WQ=""0"";2000=""0"";STRATA_ID=""na"";1999=""0"";Sampling-group=""NOAA"";NOAAStrata_ID=""ca-sanfran00-19"";NOAA_ID=""19-3"";1997=""0"";1998=""0"";Note=""See NCCA publications for description of fields stored in this comment field.""",18050002,,,,,37.90843,-122.36127,,100,m,GPS Code (Pseudo Range) Differential,NAD83,,,,,,,US,06,013,,,,,,,,,,STORET
NARS_WQX,EPA National Aquatic Resources Survey (NARS),NARS_WQX-NOAA 20-5,SFBAY NOAA Station (2000),Estuary,"Sediment=""0"";NOAAFrame_SQ_K=""52.8168"";NOAAAreaWt=""6.79"";Fish=""0"";WQ=""0"";2000=""0"";STRATA_ID=""na"";1999=""0"";Sampling-group=""NOAA"";NOAAStrata_ID=""ca-sanfran00-20"";NOAA_ID=""20-5"";1997=""0"";1998=""0"";Note=""See NCCA publications for description of fields stored in this comment field.""",18050002,,,,,37.85431,-122.33817,,100,m,GPS Code (Pseudo Range) Differential,NAD83,,,,,,,US,06,001,,,,,,,,,,STORET
NARS_WQX,EPA National Aquatic Resources Survey (NARS),NARS_WQX-NOAA 20-6,SFBAY NOAA Station (2000),Estuary,"Sediment=""0"";NOAAFrame_SQ_K=""52.8168"";NOAAAreaWt=""6.79"";Fish=""0"";WQ=""0"";2000=""0"";STRATA_ID=""na"";1999=""0"";Sampling-group=""NOAA"";NOAAStrata_ID=""ca-sanfran00-20"";NOAA_ID=""20-6"";1997=""0"";1998=""0"";Note=""See NCCA publications for description of fields stored in this comment field.""",18050002,,,,,37.81329,-122.34175,,100,m,GPS Code (Pseudo Range) Differential,NAD83,,,,,,,US,06,001,,,,,,,,,,STORET
NARS_WQX,EPA National Aquatic Resources Survey (NARS),NARS_WQX-NOAA 22-1,SFBAY NOAA Station (2000),Estuary,"Sediment=""0"";NOAAFrame_SQ_K=""60.6783"";NOAAAreaWt=""8.87"";Fish=""0"";WQ=""0"";2000=""0"";STRATA_ID=""na"";1999=""0"";Sampling-group=""NOAA"";NOAAStrata_ID=""ca-sanfran00-22"";NOAA_ID=""22-1"";1997=""0"";1998=""0"";Note=""See NCCA publications for description of fields stored in this comment field.""",18050002,,,,,37.84814,-122.46741,,100,m,GPS Code (Pseudo Range) Differential,NAD83,,,,,,,US,06,041,,,,,,,,,,STORET
NARS_WQX,EPA National Aquatic Resources Survey (NARS),NARS_WQX-NOAA 22-3,SFBAY NOAA Station (2000),Estuary,"Sediment=""0"";NOAAFrame_SQ_K=""60.6783"";NOAAAreaWt=""8.87"";Fish=""0"";WQ=""0"";2000=""0"";STRATA_ID=""na"";1999=""0"";Sampling-group=""NOAA"";NOAAStrata_ID=""ca-sanfran00-22"";NOAA_ID=""22-3"";1997=""0"";1998=""0"";Note=""See NCCA publications for description of fields stored in this comment field.""",18050002,,,,,37.83879,-122.45016,,100,m,GPS Code (Pseudo Range) Differential,NAD83,,,,,,,US,06,075,,,,,,,,,,STORET
NARS_WQX,EPA National Aquatic Resources Survey (NARS),NARS_WQX-NOAA 22-6,SFBAY NOAA Station (2000),Estuary,"Sediment=""0"";NOAAFrame_SQ_K=""60.6783"";NOAAAreaWt=""8.87"";Fish=""0"";WQ=""0"";2000=""0"";STRATA_ID=""na"";1999=""0"";Sampling-group=""NOAA"";NOAAStrata_ID=""ca-sanfran00-22"";NOAA_ID=""22-6"";1997=""0"";1998=""0"";Note=""See NCCA publications for description of fields stored in this comment field.""",18050002,,,,,37.81077,-122.3864,,100,m,GPS Code (Pseudo Range) Differential,NAD83,,,,,,,US,06,075,,,,,,,,,,STORET
NARS_WQX,EPA National Aquatic Resources Survey (NARS),NARS_WQX-NOAA 24-2,SFBAY NOAA Station (2000),Estuary,"Sediment=""0"";NOAAFrame_SQ_K=""0.8365"";NOAAAreaWt=""0.42"";Fish=""0"";WQ=""0"";2000=""0"";STRATA_ID=""na"";1999=""0"";Sampling-group=""NOAA"";NOAAStrata_ID=""ca-sanfran00-24"";NOAA_ID=""24-2"";1997=""0"";1998=""0"";Note=""See NCCA publications for description of fields stored in this comment field.""",18050002,,,,,37.8098,-122.43466,,100,m,GPS Code (Pseudo Range) Differential,NAD83,,,,,,,US,06,075,,,,,,,,,,STORET
NARS_WQX,EPA National Aquatic Resources Survey (NARS),NARS_WQX-NOAA 25-3,SFBAY NOAA Station (2000),Estuary,"Sediment=""0"";NOAAFrame_SQ_K=""0.6104"";NOAAAreaWt=""0.22"";Fish=""0"";WQ=""0"";2000=""0"";STRATA_ID=""na"";1999=""0"";Sampling-group=""NOAA"";NOAAStrata_ID=""ca-sanfran00-25"";NOAA_ID=""25-3"";1997=""0"";1998=""0"";Note=""See NCCA publications for description of fields stored in this comment field.""",18050002,,,,,37.80007,-122.3961,,100,m,GPS Code (Pseudo Range) Differential,NAD83,,,,,,,US,06,075,,,,,,,,,,STORET
NARS_WQX,EPA National Aquatic Resources Survey (NARS),NARS_WQX-NOAA 31-2,SFBAY NOAA Station (2000),Estuary,"Sediment=""0"";NOAAFrame_SQ_K=""3.3014"";NOAAAreaWt=""0.55"";Fish=""0"";WQ=""0"";2000=""0"";STRATA_ID=""na"";1999=""0"";Sampling-group=""NOAA"";NOAAStrata_ID=""ca-sanfran00-31"";NOAA_ID=""31-2"";1997=""0"";1998=""0"";Note=""See NCCA publications for description of fields stored in this comment field.""",18050002,,,,,37.81413,-122.32335,,100,m,GPS Code (Pseudo Range) Differential,NAD83,,,,,,,US,06,001,,,,,,,,,,STORET
WWMD_VA,World Water Monitoring Day Virginia (Volunteer),"WWMD_VA-Pacific Ocean,38#-122","Pacific Ocean:Pacific Ocean,38#-122",Ocean,,18050002,,,,,37.8531,-122.4024,,,,GPS-Unspecified,NAD83,,,,,,,US,06,075,,,,,,,,,,STORET
