station_id,station_name,station_type,latitude,longitude,huc8,state_code,county_code,provider_name
USGS-11162690,SAN FRANCISCO BAY A PRESIDIO MILITARY RSERV CA,Estuary,37.80659538,-122.4577496,18050002,6,75,NWIS
USGS-374811122235001,SAN FRANCISCO BAY A PIER 17 A SAN FRANCISCO CA,Estuary,37.80305,-122.3973083,18050002,6,75,NWIS
USGS-374848122300701,SAN FRANCISCO BAY A POINT DIABLO NR GOLDEN GATE BR,Estuary,37.81333056,-122.50195,18050002,6,75,NWIS
USGS-374856122210301,SAN FRANCISCO BAY A YERBA BUENA ISLAND CA,Estuary,37.81548345,-122.3519149,18050002,6,75,NWIS
USGS-374900122241801,SAN FRANCISCO BAY A ALCATRAZ ISLAND CA,Estuary,37.8165948,-122.4060823,18050002,6,75,NWIS
USGS-374906122281801,SAN FRANCISCO BAY A GOLDEN GATE BRIDGE CA,Estuary,37.81826175,-122.4727499,18050002,6,75,NWIS
USGS-374912122233601,SAN FRANCISCO BAY WATER QUALITY PROJECT SITE 20,Estuary,37.82,-122.3933306,18050002,6,75,NWIS
USGS-374938122251801,SAN FRANCISCO BAY A NE SHORE ALCATRAZ ISLAND CA,Estuary,37.8272222,-122.4216667,18050002,6,75,NWIS
USGS-374939122192501,SAN FRANCISCO BAY ST AC20 NR BAY BRIDGE CA,Estuary,37.8240942,-122.3310813,18050002,6,1,NWIS
USGS-374945122262101,SAN FRANCISCO BAY A ALCATRAZ ISLAND NR SAUSALITO,Estuary,37.82929167,-122.4391389,18050002,6,75,NWIS
USGS-375015122190001,SAN FRANCISCO BAY ST AC21 NR EMERYVILLE CA,Estuary,37.836316,-122.3155255,18050002,6,1,NWIS
USGS-375022122251301,SAN FRANCISCO BAY A ANGEL ISLAND NR TIBURON CA,Estuary,37.8394611,-122.4201694,18050002,6,75,NWIS
USGS-375048122251801,SAN FRANCISCO BAY WATER QUALITY PROJECT SITE 18,Estuary,37.84666667,-122.4216667,18050002,6,75,NWIS
USGS-375106122234801,SAN FRANCISCO BAY A PT BLUNT CA,Estuary,37.85159368,-122.397749,18050002,6,75,NWIS
USGS-375119122215101,SAN FRANCISCO BAY NR TREASURE ISLAND CA,Estuary,37.85528056,-122.3640389,18050002,6,75,NWIS
USGS-375133122190301,SAN FRANCISCO BAY ST AC22 NR BERKELEY CA,Estuary,37.85992645,-122.31997,18050002,6,1,NWIS
USGS-375242122251801,SAN FRANCISCO BAY WATER QUALITY PROJECT SITE 17,Estuary,37.87833056,-122.4216667,18050002,6,75,NWIS
USGS-375242122252401,SAN FRANCISCO BAY STA 17,Estuary,37.8782596,-122.4244164,18050002,6,41,NWIS
USGS-375254122253601,SAN FRANCISCO BAY A TIBURON CA,Estuary,37.88159286,-122.4277498,18050002,6,41,NWIS
USGS-375326122204801,SAN FRANCISCO BAY A BROOKS ISLAND NR RICHMOND CA,Estuary,37.8906611,-122.3465833,18050002,6,13,NWIS
USGS-375414122191101,SAN FRANCISCO BAY A POINT ISABEL A EL CERRITO CA,Estuary,37.90399444,-122.319811,18050002,6,13,NWIS
USGS-375422122230001,SAN FRANCISCO BAY A RICHMOND POINT NR RICHMOND CA,Estuary,37.90603056,-122.3999778,18050002,6,13,NWIS
USGS-375454122270001,SAN FRANCISCO BAY A PT RICHMOND CA,Estuary,37.9149252,-122.4510839,18050002,6,41,NWIS
USGS-375607122264701,SAN FRANCISCO BAY A RICHMOND-SAN RAFAEL BRIDGE CA,Estuary,37.93527778,-122.4463889,18050002,6,41,NWIS
11NPSWRD_WQX-GOGA_CCSF_202.1,SAN FRANCISCO BAY AT CRISSEY FIELD NEAR NOAA BLDG,Ocean,37.805968,-122.466481,18050002,6,75,STORET
11NPSWRD_WQX-GOGA_CCSF_204,SAN FRANCISCO BAY NEAR ST. FRANCIS YACHT CLUB,Ocean,37.807777,-122.442601,18050002,6,75,STORET
11NPSWRD_WQX-GOGA_CCSF_210,SAN FRANCISCO BAY NEAR AQUATIC PARK,Ocean,37.807741,-122.42388,18050002,6,75,STORET
11NPSWRD_WQX-GOGA_CCSF_211,SAN FRANCISCO BAY AT AQUATIC PARK NEAR BATHROOMS,Ocean,37.808882,-122.421167,18050002,6,75,STORET
11NPSWRD_WQX-GOGA_CCSF_OM08,SOUTH BAY WEST OF HELMET ROCK,Ocean,37.801158,-122.495833,18050002,6,75,STORET
11NPSWRD_WQX-GOGA_CCSF_OM17,PHELAN BEACH (CHINA BEACH) IN THE SURF,Ocean,37.789636,-122.486893,18050002,6,75,STORET
11NPSWRD_WQX-GOGA_CCSF_SW17,CHINA BEACH NEAR SEA CLIFF 1 PUMP STATION,Ocean,37.789636,-122.486893,18050002,6,75,STORET
21CABCH-1083,Paradise Cove,Ocean,37.89407,-122.45753,18050002,6,41,STORET
21CABCH-1085,Schoonmaker Beach,Ocean,37.86393,-122.48948,18050002,6,41,STORET
21CABCH-1356,"Fort Baker, Hourseshoe Cove - NorthEast",BEACH Program Site-Ocean,37.83352,-122.4747,18050002,6,41,STORET
21CABCH-1360,"Fort Baker, Hourseshoe Cove - NorthWest",BEACH Program Site-Ocean,37.83317,-122.478,18050002,6,41,STORET
21CABCH-1362,"Fort Baker, Hourseshoe Cove - SouthWest",BEACH Program Site-Ocean,37.83212,-122.47742,18050002,6,75,STORET
21CABCH-865,"Baker Beach, Opposite Seacliff 2 Pumping Station",Ocean,37.78991,-122.48675,18050002,6,75,STORET
21CABCH-BAKER NE,BAKER NE,Ocean,37.83352,-122.4747,18050002,6,41,STORET
21CABCH-BAKER NW,BAKER NW,Ocean,37.83317,-122.4778,18050002,6,41,STORET
21CABCH-BAKER SW,BAKER SW,Ocean,37.83212,-122.47741,18050002,6,75,STORET
21CABCH-BAY#202.5_SL,BAY#202.5_SL,Ocean,37.80715,-122.46871,18050002,6,75,STORET
21CABCH-BAY#210.1_SL,BAY#210.1_SL,Ocean,37.80899,-122.42129,18050002,6,75,STORET
21CABCH-OCEAN#16_SL,OCEAN#16_SL,Ocean,37.78991,-122.48675,18050002,6,75,STORET
21CABCH-SCHOONMAKER BEACH,SCHOONMAKER BEACH,Ocean,37.86393,-122.48948,18050002,6,41,STORET
CABEACH_WQX-151,BAKER NE,BEACH Program Site-Ocean,37.83352,-122.4747,18050002,6,41,STORET
CABEACH_WQX-152,BAKER NW,BEACH Program Site-Ocean,37.83317,-122.4778,18050002,6,41,STORET
CABEACH_WQX-153,BAKER SW,BEACH Program Site-Ocean,37.83212,-122.47741,18050002,6,75,STORET
CABEACH_WQX-174,BAY#210.1_SL,BEACH Program Site-Ocean,37.80899,-122.42129,18050002,6,75,STORET
CABEACH_WQX-597,OCEAN#16_SL,BEACH Program Site-Ocean,37.78991,-122.48675,18050002,6,75,STORET
CABEACH_WQX-701,SCHOONMAKER BEACH,BEACH Program Site-Ocean,37.86393,-122.48948,18050002,6,41,STORET
CABEACH_WQX-791,BAY#202.5_SL,BEACH Program Site-Ocean,37.80715,-122.46871,18050002,6,75,STORET
CABEACH_WQX-957,BAY#202_LAGOON,BEACH Program Site-Ocean,37.80648,-122.45413,18050002,6,75,STORET
CABEACH_WQX-BAKER NE,BAKER NE,BEACH Program Site-Ocean,37.83352,-122.4747,18050002,6,41,STORET
CABEACH_WQX-BAKER NW,BAKER NW,BEACH Program Site-Ocean,37.83317,-122.4778,18050002,6,41,STORET
CABEACH_WQX-BAKER SW,BAKER SW,BEACH Program Site-Ocean,37.83212,-122.47741,18050002,6,75,STORET
CABEACH_WQX-BAY#202.4_SL,BAY#202.4_SL,BEACH Program Site-Ocean,37.8066,-122.4519,18050002,6,75,STORET
CABEACH_WQX-BAY#202.5_SL,BAY#202.5_SL,BEACH Program Site-Ocean,37.8069,-122.4683,18050002,6,75,STORET
CABEACH_WQX-BAY#202_LAGOON,BAY#202_LAGOON,BEACH Program Site-Ocean,37.80648,-122.45413,18050002,6,75,STORET
CABEACH_WQX-BAY#210.1_SL,BAY#210.1_SL,BEACH Program Site-Ocean,37.80899,-122.42129,18050002,6,75,STORET
CABEACH_WQX-BAY#211_SL,BAY#211_SL,BEACH Program Site-Ocean,37.8078,-122.4221,18050002,6,75,STORET
CABEACH_WQX-OCEAN#15EAST_SL,OCEAN#15EAST_SL,BEACH Program Site-Ocean,37.79258,-122.48465,18050002,6,75,STORET
CABEACH_WQX-OCEAN#16_SL,OCEAN#16_SL,BEACH Program Site-Ocean,37.78977,-122.48741,18050002,6,75,STORET
CABEACH_WQX-PARADISE COVE,PARADISE COVE,BEACH Program Site-Ocean,37.8941,-122.4575,18050002,6,41,STORET
CABEACH_WQX-SCHOONMAKER BEACH,SCHOONMAKER BEACH,BEACH Program Site-Ocean,37.8640924,-122.48974,18050002,6,41,STORET
CADWR-373.00,SA001M,Estuary,37.81,-122.36,18050002,6,75,STORET
CADWR-376.00,SA004W,Estuary,37.89,-122.49,18050002,6,41,STORET
CADWR-380.00,SA009E,Estuary,37.91,-122.38,18050002,6,13,STORET
CADWR-381.00,SA010W,Estuary,37.93,-122.49,18050002,6,41,STORET
CADWR-633.00,201MWT,Estuary,37.81,-122.42,18050002,6,75,STORET
CADWR-634.00,202MWT,Estuary,37.84,-122.44,18050002,6,75,STORET
CADWR-635.00,203MWT,Estuary,37.85,-122.46,18050002,6,41,STORET
CADWR-636.00,204MWT,Estuary,37.83,-122.39,18050002,6,75,STORET
CADWR-637.00,205MWT,Estuary,37.82,-122.35,18050002,6,1,STORET
CADWR-638.00,206MWT,Estuary,37.84,-122.34,18050002,6,1,STORET
CADWR-639.00,207MWT,Estuary,37.86,-122.34,18050002,6,1,STORET
CADWR-640.00,208MWT,Estuary,37.86,-122.39,18050002,6,75,STORET
CADWR-641.00,209MWT,Estuary,37.88,-122.42,18050002,6,75,STORET
CADWR-642.00,210MWT,Estuary,37.91,-122.44,18050002,6,41,STORET
CADWR-643.00,211MWT,Estuary,37.93,-122.44,18050002,6,41,STORET
CALWR_WQX-E0B74842282,SF BAY A FORT PT,Other-Surface Water,37.8088,-122.4705,18050002,6,75,STORET
CALWR_WQX-E0B74922224,SF BAY A TREASURE ISL,Other-Surface Water,37.8208,-122.375,18050002,6,75,STORET
CALWR_WQX-E0B75172194,SF BAY A BERKELEY FISHING PIER,Other-Surface Water,37.861,-122.3239,18050002,6,1,STORET
CALWR_WQX-E0B75772256,SAN PABLO BAY A POINT SAN PABLO,Other-Surface Water,37.961,-122.4275,18050002,6,13,STORET
CALWR_WQX-E0B75772262,SAN PABLO STRAIT W OF THE BROTHER,Other-Surface Water,37.9624,-122.4372,18050002,6,13,STORET
CEDEN-203BRKLEY,Berkeley (4)-203BRKLEY,Other-Surface Water,37.8669,-122.315,18050002,6,1,STORET
CEDEN-203CENTRL,Central Bay (6)-203CENTRL,Other-Surface Water,37.8452,-122.35,18050002,6,1,STORET
CEDEN-203EMRYVL,Emeryville Crescent,Other-Surface Water,37.832,-122.31,18050002,6,1,STORET
CEDEN-2EEPSRB,Richmond Bridge-2EEPSRB,Other-Surface Water,37.9352,-122.437,18050002,6,41,STORET
CEDEN-2RMPBERK,Berkeley-2RMPBERK,Other-Surface Water,37.844,-122.354,18050002,6,1,STORET
CEDEN-2RMPBERK3,Berkeley-2RMPBERK3,Other-Surface Water,37.8338,-122.354,18050002,6,1,STORET
CEDEN-2RMPBERKI,Berkeley-2RMPBERKI,Other-Surface Water,37.8491,-122.35,18050002,6,1,STORET
CEDEN-2RMPBERP,Berkeley Pier-2RMPBERP,Other-Surface Water,37.8652,-122.321,18050002,6,1,STORET
CEDEN-2RMPCENTRL3,Central Bay-2RMPCENTRL3,Other-Surface Water,37.8744,-122.44,18050002,6,41,STORET
CEDEN-2RMPFB,Fort Baker-2RMPFB,BEACH Program Site-Ocean,37.8317,-122.477,18050002,6,75,STORET
CEDEN-2RMPMBB,Mid Bay (Berkeley)-2RMPMBB,Other-Surface Water,37.861,-122.327,18050002,6,1,STORET
CEDEN-2RMPMBP,Mid Bay (Paradise)-2RMPMBP,Other-Surface Water,37.897,-122.455,18050002,6,41,STORET
CEDEN-2RMPMBTI,Mid Bay (Treasure Is.)-2RMPMBTI,Other-Surface Water,37.8392,-122.377,18050002,6,75,STORET
CEDEN-2RMPNPM,North Bay (Pt. Molate)-2RMPNPM,Other-Surface Water,37.9455,-122.43,18050002,6,13,STORET
CEDEN-2RMPPM,Point Molate-2RMPPM,Other-Surface Water,37.9455,-122.43,18050002,6,13,STORET
CEDEN-2RMPRH,Richmond Harbor-2RMPRH,Other-Surface Water,37.9105,-122.349,18050002,6,13,STORET
CEDEN-2RMPSFP7,San Francisco Waterfront (Pier 7)-2RMPSFP7,Other-Surface Water,37.8,-122.393,18050002,6,75,STORET
CEDEN-2RMPSFP7-2,San Francisco Waterfront (Pier 7)-2RMPSFP7-2,Other-Surface Water,37.7997,-122.396,18050002,6,75,STORET
CEDEN-2RMPSFWIII,San Francisco Waterfront III-2RMPSFWIII,Other-Surface Water,37.8145,-122.41,18050002,6,75,STORET
CEDEN-80OTH,Emeryville shore background-80OTH,Other-Surface Water,37.8465,-122.301,18050002,6,1,STORET
CEDEN-BC10,Yerba Buena Island (BC10),Other-Surface Water,37.8216,-122.35,18050002,6,1,STORET
CEDEN-BC11,Yerba Buena Island (BC11),Other-Surface Water,37.8223,-122.349,18050002,6,1,STORET
CEDEN-BC21,Horseshoe Bay (BC21),Other-Surface Water,37.831,-122.478,18050002,6,75,STORET
CEDEN-BC30,Richardson Bay (BC30),Other-Surface Water,37.862,-122.479,18050002,6,41,STORET
CEDEN-BC32,Richardson Bay (BC32),Other-Surface Water,37.862,-122.479,18050002,6,41,STORET
CEDEN-BC41,Point Isabel (BC41),Other-Surface Water,37.887,-122.343,18050002,6,1,STORET
CEDEN-BC60,Red Rock (BC60),Other-Surface Water,37.918,-122.436,18050002,6,41,STORET
CEDEN-BC61,Red Rock (BC61),Other-Surface Water,37.928,-122.469,18050002,6,41,STORET
CEDEN-CA00-0016,CA00-0016,Other-Surface Water,37.8649,-122.494,18050002,6,41,STORET
CEDEN-CA00-0017,CA00-0017,Other-Surface Water,37.868,-122.318,18050002,6,1,STORET
CEDEN-CA00-0031,CA00-0031,Other-Surface Water,37.9624,-122.468,18050002,6,41,STORET
CEDEN-CA00-0032,CA00-0032,Other-Surface Water,37.9048,-122.466,18050002,6,41,STORET
CEDEN-CA00-0033,CA00-0033,Other-Surface Water,37.9341,-122.419,18050002,6,13,STORET
CEDEN-CA00-0034,CA00-0034,Other-Surface Water,37.8787,-122.387,18050002,6,75,STORET
CEDEN-CA00-0035,CA00-0035,Other-Surface Water,37.8334,-122.358,18050002,6,75,STORET
CEDEN-CA00-0036,CA00-0036,Other-Surface Water,37.8103,-122.347,18050002,6,75,STORET
CEDEN-CA00-0037,CA00-0037,Other-Surface Water,37.8764,-122.478,18050002,6,41,STORET
CEDEN-CA00-0044,CA00-0044,Other-Surface Water,37.9648,-122.474,18050002,6,41,STORET
CEDEN-CB001S,Central Bay (CB001S),Other-Surface Water,37.8763,-122.362,18050002,6,1,STORET
CEDEN-CB001W,Central Bay (CB001W),Other-Surface Water,37.8915,-122.351,18050002,6,13,STORET
CEDEN-CB003S,Central Bay (CB003S),Other-Surface Water,37.868,-122.485,18050002,6,41,STORET
CEDEN-CB003W,Central Bay (CB003W),Other-Surface Water,37.8511,-122.469,18050002,6,41,STORET
CEDEN-CB005S,Central Bay (CB005S),Other-Surface Water,37.8525,-122.326,18050002,6,1,STORET
CEDEN-CB005W,Central Bay (CB005W),Other-Surface Water,37.8382,-122.341,18050002,6,1,STORET
CEDEN-CB007S,Central Bay (CB007S),Other-Surface Water,37.9186,-122.4,18050002,6,13,STORET
CEDEN-CB007W,Central Bay (CB007W),Other-Surface Water,37.9166,-122.4,18050002,6,13,STORET
CEDEN-CB009W,Central Bay (CB009W),Other-Surface Water,37.8443,-122.428,18050002,6,75,STORET
CEDEN-CB011S,Central Bay (CB011S),Other-Surface Water,37.9676,-122.451,18050002,6,41,STORET
CEDEN-CB011W,Central Bay (CB011W),Other-Surface Water,37.9478,-122.463,18050002,6,41,STORET
CEDEN-CB013S,Central Bay (CB013S),Other-Surface Water,37.8214,-122.361,18050002,6,75,STORET
CEDEN-CB013W,Central Bay (CB013W),Other-Surface Water,37.8469,-122.368,18050002,6,75,STORET
CEDEN-CB015W,Central Bay (CB015W),Other-Surface Water,37.823,-122.435,18050002,6,75,STORET
CEDEN-CB017W,Central Bay (CB017W),Other-Surface Water,37.8854,-122.327,18050002,6,1,STORET
CEDEN-CB019W,Central Bay (CB019W),Other-Surface Water,37.8526,-122.442,18050002,6,41,STORET
CEDEN-CB021W,Central Bay (CB021W),Other-Surface Water,37.8328,-122.329,18050002,6,1,STORET
CEDEN-CB023S,Central Bay (CB023S),Other-Surface Water,37.8873,-122.4,18050002,6,75,STORET
CEDEN-CB023W,Central Bay (CB023W),Other-Surface Water,37.8727,-122.408,18050002,6,75,STORET
CEDEN-CB025S,Central Bay (CB025S),Other-Surface Water,37.8675,-122.379,18050002,6,75,STORET
CEDEN-CB025W,Central Bay (CB025W),Other-Surface Water,37.8422,-122.408,18050002,6,75,STORET
CEDEN-CB027S,Central Bay (CB027S),Other-Surface Water,37.9434,-122.443,18050002,6,41,STORET
CEDEN-CB027W,Central Bay (CB027W),Other-Surface Water,37.9177,-122.447,18050002,6,41,STORET
CEDEN-CB029S,Central Bay (CB029S),Other-Surface Water,37.8471,-122.353,18050002,6,1,STORET
CEDEN-CB03,SF Bay RMP - Central Bay 03,Other-Surface Water,37.8781,-122.311,18050002,6,1,STORET
CEDEN-CB031W,Central Bay (CB031W),Other-Surface Water,37.9148,-122.425,18050002,6,75,STORET
CEDEN-CB033S,Central Bay (CB033S),Other-Surface Water,37.8668,-122.364,18050002,6,1,STORET
CEDEN-CB033W,Central Bay (CB033W),Other-Surface Water,37.8717,-122.369,18050002,6,1,STORET
CEDEN-CB035S,Central Bay (CB035S),Other-Surface Water,37.9192,-122.441,18050002,6,41,STORET
CEDEN-CB035W,Central Bay (CB035W),Other-Surface Water,37.864,-122.484,18050002,6,41,STORET
CEDEN-CB037S,Central Bay (CB037S),Other-Surface Water,37.8599,-122.327,18050002,6,1,STORET
CEDEN-CB037W,Central Bay (CB037W),Other-Surface Water,37.8533,-122.346,18050002,6,1,STORET
CEDEN-CB039S,Central Bay (CB039S),Other-Surface Water,37.9189,-122.417,18050002,6,13,STORET
CEDEN-CB041S,Central Bay (CB041S),Other-Surface Water,37.8728,-122.439,18050002,6,41,STORET
CEDEN-CB041W,Central Bay (CB041W),Other-Surface Water,37.8905,-122.373,18050002,6,13,STORET
CEDEN-CB043S,Central Bay (CB043S),Other-Surface Water,37.9384,-122.496,18050002,6,41,STORET
CEDEN-CB043W,Central Bay (CB043W),Other-Surface Water,37.9271,-122.481,18050002,6,41,STORET
CEDEN-CB045W,Central Bay (CB045W),Other-Surface Water,37.8284,-122.39,18050002,6,75,STORET
CEDEN-CB047W,Central Bay (CB047W),Other-Surface Water,37.8283,-122.441,18050002,6,75,STORET
CEDEN-CB049W,Central Bay (CB049W),Other-Surface Water,37.865,-122.36,18050002,6,1,STORET
CEDEN-CB055S,Central Bay (CB055S),Other-Surface Water,37.9034,-122.404,18050002,6,75,STORET
CEDEN-CB057S,Central Bay (CB057S),Other-Surface Water,37.8765,-122.382,18050002,6,75,STORET
CEDEN-CB073S,Central Bay (CB073S),Other-Surface Water,37.8429,-122.398,18050002,6,75,STORET
CEDEN-CB075S,Central Bay (CB075S),Other-Surface Water,37.9433,-122.475,18050002,6,41,STORET
CEDEN-CB107S,Central Bay (CB107S),Other-Surface Water,37.9571,-122.465,18050002,6,41,STORET
CEDEN-CB121S,Central Bay (CB121S),Other-Surface Water,37.8554,-122.392,18050002,6,75,STORET
CEDEN-CB133S,Central Bay (CB133S),Other-Surface Water,37.8394,-122.316,18050002,6,1,STORET
CEDEN-CB19,SF Bay RMP - Central Bay 19,Other-Surface Water,37.8675,-122.467,18050002,6,41,STORET
CEDEN-CB22,SF Bay RMP - Central Bay 22,Other-Surface Water,37.9402,-122.5,18050002,6,41,STORET
CEDEN-CB26,SF Bay RMP - Central Bay 26,Other-Surface Water,37.929,-122.399,18050002,6,13,STORET
CEDEN-CB38,SF Bay RMP - Central Bay 38,Other-Surface Water,37.9016,-122.377,18050002,6,13,STORET
CEDEN-CB41,SF Bay RMP - Central Bay 41,Other-Surface Water,37.926,-122.493,18050002,6,41,STORET
CEDEN-CB42,SF Bay RMP - Central Bay 42,Other-Surface Water,37.9055,-122.332,18050002,6,13,STORET
CEDEN-CB46,SF Bay RMP - Central Bay 46,Other-Surface Water,37.899,-122.326,18050002,6,13,STORET
CEDEN-CB54,SF Bay RMP - Central Bay 54,Other-Surface Water,37.9073,-122.355,18050002,6,13,STORET
CEDEN-CB55,SF Bay RMP - Central Bay 55,Other-Surface Water,37.8834,-122.511,18050002,6,41,STORET
CEDEN-EBM001,East Bay Municipal Utility District Special Study Site (EBM001),Other-Surface Water,37.8953,-122.323,18050002,6,13,STORET
CEDEN-IEP211,IEP Study Site 211-IEP211,Other-Surface Water,37.8357,-122.384,18050002,6,75,STORET
CEDEN-IEP212,IEP Study Site 212-IEP212,Other-Surface Water,37.8619,-122.346,18050002,6,1,STORET
CEDEN-IEP214,IEP Study Site 214-IEP214,Other-Surface Water,37.8597,-122.402,18050002,6,75,STORET
CEDEN-IEP243,IEP Study Site 243-IEP243,Other-Surface Water,37.8864,-122.401,18050002,6,75,STORET
CEDEN-IEP244,IEP Study (Site 244)-IEP244,Other-Surface Water,37.9237,-122.468,18050002,6,41,STORET
CEDEN-LMI-ESA-Lakeside,Lake Chalet Shore,Reservoir,37.8027,-122.514,18050002,6,75,STORET
CEDEN-PPOT2,"Point Potrero, site 2-PPOT2",Other-Surface Water,37.9059,-122.371,18050002,6,13,STORET
CEDEN-SA007E,Berkeley Frontage-SA007E,Other-Surface Water,37.8514,-122.304,18050002,6,1,STORET
CEDEN-SFBay_1,San Francisco Bay_1,Other-Surface Water,37.9134,-122.454,18050002,6,41,STORET
CEDEN-SFBay_2,San Francisco Bay_2,Other-Surface Water,37.8641,-122.412,18050002,6,75,STORET
CEDEN-SFBay_3,San Francisco Bay_3,Other-Surface Water,37.8531,-122.402,18050002,6,75,STORET
EMAP_CS-16-1,SFBay NOAA Station (2000),Estuary,37.919,-122.45,18050002,6,41,STORET
EMAP_CS-17-1,SFBay NOAA Station (2000),Estuary,37.952,-122.423,18050002,6,13,STORET
EMAP_CS-18-1,SFBay NOAA Station (2000),Estuary,37.907,-122.394,18050002,6,13,STORET
EMAP_CS-19-3,SFBay NOAA Station (2000),Estuary,37.908,-122.361,18050002,6,13,STORET
EMAP_CS-20-5,SFBay NOAA Station (2000),Estuary,37.854,-122.338,18050002,6,1,STORET
EMAP_CS-20-6,SFBay NOAA Station (2000),Estuary,37.813,-122.342,18050002,6,1,STORET
EMAP_CS-22-1,SFBay NOAA Station (2000),Estuary,37.848,-122.467,18050002,6,41,STORET
EMAP_CS-22-3,SFBay NOAA Station (2000),Estuary,37.839,-122.45,18050002,6,75,STORET
EMAP_CS-22-6,SFBay NOAA Station (2000),Estuary,37.811,-122.386,18050002,6,75,STORET
EMAP_CS-24-2,SFBay NOAA Station (2000),Estuary,37.81,-122.435,18050002,6,75,STORET
EMAP_CS-25-3,SFBay NOAA Station (2000),Estuary,37.8,-122.396,18050002,6,75,STORET
EMAP_CS-31-2,SFBay NOAA Station (2000),Estuary,37.814,-122.323,18050002,6,1,STORET
EMAP_CS-CA00-0016,Sausalito,Estuary,37.865,-122.494,18050002,6,41,STORET
EMAP_CS-CA00-0017,SFBay Berkeley,Estuary,37.868,-122.318,18050002,6,1,STORET
EMAP_CS-CA00-0031,San Rafael Bay,Estuary,37.962,-122.468,18050002,6,41,STORET
EMAP_CS-CA00-0032,SFBay Paradise Cove,Estuary,37.905,-122.466,18050002,6,41,STORET
EMAP_CS-CA00-0033,SFBay Castro Point,Estuary,37.934,-122.419,18050002,6,13,STORET
EMAP_CS-CA00-0034,SFBay Central Bay,Estuary,37.879,-122.387,18050002,6,75,STORET
EMAP_CS-CA00-0035,SFBay Treasure Island,Estuary,37.833,-122.358,18050002,6,75,STORET
EMAP_CS-CA00-0036,SFBay Bay Bridge,Estuary,37.81,-122.347,18050002,6,75,STORET
EMAP_CS-CA00-0037,Richardson Bay,Estuary,37.876,-122.478,18050002,6,41,STORET
EMAP_CS-CA00-0044,San Rafael Bay,Estuary,37.965,-122.474,18050002,6,41,STORET
EMAP_CS_WQX-CA00-0016,Sausalito,Estuary,37.865,-122.494,18050002,6,41,STORET
EMAP_CS_WQX-CA00-0017,SFBay Berkeley,Estuary,37.868,-122.318,18050002,6,1,STORET
EMAP_CS_WQX-CA00-0031,San Rafael Bay,Estuary,37.962,-122.468,18050002,6,41,STORET
EMAP_CS_WQX-CA00-0032,SFBay Paradise Cove,Estuary,37.905,-122.466,18050002,6,41,STORET
EMAP_CS_WQX-CA00-0033,SFBay Castro Point,Estuary,37.934,-122.419,18050002,6,13,STORET
EMAP_CS_WQX-CA00-0034,SFBay Central Bay,Estuary,37.879,-122.387,18050002,6,75,STORET
EMAP_CS_WQX-CA00-0035,SFBay Treasure Island,Estuary,37.833,-122.358,18050002,6,75,STORET
EMAP_CS_WQX-CA00-0036,SFBay Bay Bridge,Estuary,37.81,-122.347,18050002,6,75,STORET
EMAP_CS_WQX-CA00-0037,Richardson Bay,Estuary,37.876,-122.478,18050002,6,41,STORET
EMAP_CS_WQX-CA00-0044,San Rafael Bay,Estuary,37.965,-122.474,18050002,6,41,STORET
EMAP_CS_WQX-CA01-0029,Central Bay,Estuary,37.944,-122.466,18050002,6,41,STORET
EMAP_CS_WQX-CA01-0030,Central Bay,Estuary,37.904,-122.401,18050002,6,75,STORET
EMAP_CS_WQX-CA01-0031,Central Bay,Estuary,37.885,-122.422,18050002,6,75,STORET
EMAP_CS_WQX-CA01-0032,Central Bay,Estuary,37.922,-122.394,18050002,6,13,STORET
EMAP_CS_WQX-CA01-0033,Central Bay,Estuary,37.906,-122.398,18050002,6,13,STORET
EMAP_CS_WQX-CA01-0034,Central Bay,Estuary,37.908,-122.39,18050002,6,13,STORET
EMAP_CS_WQX-CA01-0036,Central Bay,Estuary,37.898,-122.335,18050002,6,13,STORET
EMAP_CS_WQX-CA01-0037,Central Bay,Estuary,37.876,-122.361,18050002,6,1,STORET
EMAP_CS_WQX-CA01-0038,Central Bay,Estuary,37.856,-122.375,18050002,6,75,STORET
EMAP_CS_WQX-CA01-0039,Central Bay,Estuary,37.815,-122.368,18050002,6,75,STORET
EMAP_CS_WQX-CA01-0040,Central Bay,Estuary,37.868,-122.405,18050002,6,75,STORET
EMAP_CS_WQX-CA01-0041,Central Bay,Estuary,37.813,-122.463,18050002,6,75,STORET
EMAP_CS_WQX-CA01-0042,Central Bay,Estuary,37.832,-122.383,18050002,6,75,STORET
EMAP_CS_WQX-CA01-0043,Central Bay,Estuary,37.883,-122.486,18050002,6,41,STORET
EMAP_CS_WQX-CA01-0044,Central Bay,Estuary,37.87,-122.484,18050002,6,41,STORET
EMAP_CS_WQX-CA01-0045,Central Bay,Estuary,37.81,-122.43,18050002,6,75,STORET
EMAP_CS_WQX-CA01-0046,Central Bay,Estuary,37.81,-122.427,18050002,6,75,STORET
EMAP_CS_WQX-CA01-0047,Central Bay,Estuary,37.803,-122.397,18050002,6,75,STORET
EMAP_CS_WQX-CA01-0057,Central Bay,Estuary,37.821,-122.314,18050002,6,1,STORET
EMAP_CS_WQX-CA01-0094,Central Bay,Estuary,37.88,-122.504,18050002,6,41,STORET
EMAP_CS_WQX-CA01-0095,Central Bay,Estuary,37.879,-122.505,18050002,6,41,STORET
EMAP_CS_WQX-CA01-0096,Central Bay,Estuary,37.839,-122.314,18050002,6,1,STORET
EMAP_CS_WQX-CA04-0011,San Francisco Bay,Estuary,37.9,-122.4,18050002,6,75,STORET
EMAP_CS_WQX-CA04-0019,San Francisco Bay,Estuary,37.9,-122.4,18050002,6,75,STORET
NARSTEST-16-1,SFBAY NOAA Station (2000),Estuary,37.91938,-122.44992,18050002,6,41,STORET
NARSTEST-17-1,SFBAY NOAA Station (2000),Estuary,37.95231,-122.42291,18050002,6,13,STORET
NARSTEST-18-1,SFBAY NOAA Station (2000),Estuary,37.90727,-122.39386,18050002,6,13,STORET
NARSTEST-19-3,SFBAY NOAA Station (2000),Estuary,37.90843,-122.36127,18050002,6,13,STORET
NARSTEST-20-5,SFBAY NOAA Station (2000),Estuary,37.85431,-122.33817,18050002,6,1,STORET
NARSTEST-20-6,SFBAY NOAA Station (2000),Estuary,37.81329,-122.34175,18050002,6,1,STORET
NARSTEST-22-1,SFBAY NOAA Station (2000),Estuary,37.84814,-122.46741,18050002,6,41,STORET
NARSTEST-22-3,SFBAY NOAA Station (2000),Estuary,37.83879,-122.45016,18050002,6,75,STORET
NARSTEST-22-6,SFBAY NOAA Station (2000),Estuary,37.81077,-122.3864,18050002,6,75,STORET
NARSTEST-24-2,SFBAY NOAA Station (2000),Estuary,37.8098,-122.43466,18050002,6,75,STORET
NARSTEST-25-3,SFBAY NOAA Station (2000),Estuary,37.80007,-122.3961,18050002,6,75,STORET
NARSTEST-31-2,SFBAY NOAA Station (2000),Estuary,37.81413,-122.32335,18050002,6,1,STORET
NARSTEST-CAN05-0010,San Francisco Bay,Estuary,37.8384,-122.3113,18050002,6,1,STORET
NARSTEST-CEW04480-194,San Francisco Bay,Estuary,37.818782,-122.387731,18050002,6,75,STORET
NARSTEST-CEW04480-195,San Francisco Bay - Duplicate Station CA04-QA02,Estuary,37.901741,-122.415928,18050002,6,75,STORET
NARSTEST-CEW04480-203,San Francisco Bay,Estuary,37.905607,-122.392184,18050002,6,13,STORET
NARSTEST-CEW04480-210,San Francisco Bay,Estuary,37.879198,-122.341757,18050002,6,1,STORET
NARSTEST-CEW04480-211,San Francisco Bay,Estuary,37.948799,-122.458436,18050002,6,41,STORET
NARSTEST-CEW04480-215,San Francisco Bay,Estuary,37.84737,-122.413254,18050002,6,75,STORET
NARSTEST-CEW04480-219,San Francisco Bay,Estuary,37.835737,-122.44791,18050002,6,75,STORET
NARS_WQX-CA00-0016,SAUSALITO,Ocean,37.86489,-122.49351,18050002,6,41,STORET
NARS_WQX-CA00-0017,SFBAY BERKELEY,Estuary,37.86799,-122.31753,18050002,6,1,STORET
NARS_WQX-CA00-0031,SAN RAFAEL BAY,Estuary,37.96239,-122.46772,18050002,6,41,STORET
NARS_WQX-CA00-0032,SFBAY PARADISE COVE,Estuary,37.90475,-122.46583,18050002,6,41,STORET
NARS_WQX-CA00-0033,SFBAY CASTRO POINT,Estuary,37.93411,-122.41868,18050002,6,13,STORET
NARS_WQX-CA00-0034,SFBAY CENTRAL BAY,Estuary,37.87874,-122.38702,18050002,6,75,STORET
NARS_WQX-CA00-0035,SFBAY TREASURE ISLAND,Estuary,37.83337,-122.35784,18050002,6,75,STORET
NARS_WQX-CA00-0036,SFBAY BAY BRIDGE,Estuary,37.81033,-122.34713,18050002,6,75,STORET
NARS_WQX-CA00-0037,RICHARDSON BAY,Estuary,37.87638,-122.47797,18050002,6,41,STORET
NARS_WQX-CA00-0044,San Rafael Bay,Estuary,37.96475,-122.47377,18050002,6,41,STORET
NARS_WQX-CA04-0010,San Francisco Bay,Estuary,37.818782,-122.387731,18050002,6,75,STORET
NARS_WQX-CA04-0011,San Francisco Bay - Duplicate Station CA04-QA02,Estuary,37.901741,-122.415928,18050002,6,75,STORET
NARS_WQX-CA04-0019,San Francisco Bay,Estuary,37.905607,-122.392184,18050002,6,13,STORET
NARS_WQX-CA04-0055,San Francisco Bay,Estuary,37.879198,-122.341757,18050002,6,1,STORET
NARS_WQX-CA04-0056,San Francisco Bay,Estuary,37.948799,-122.458436,18050002,6,41,STORET
NARS_WQX-CA04-0060,San Francisco Bay,Estuary,37.84737,-122.413254,18050002,6,75,STORET
NARS_WQX-CA04-0064,San Francisco Bay,Estuary,37.835737,-122.44791,18050002,6,75,STORET
NARS_WQX-CN05-0010,San Francisco Bay,Estuary,37.8384,-122.3113,18050002,6,1,STORET
NARS_WQX-NCA_CA-10235,NCA_CA-10235,Ocean,37.82219,-122.34926,18050002,6,1,STORET
NARS_WQX-NCA_CA-10240,NCA_CA-10240,Ocean,37.87629,-122.36145,18050002,6,1,STORET
NARS_WQX-NCA_CA-10241,NCA_CA-10241,Ocean,37.93837,-122.49602,18050002,6,41,STORET
NARS_WQX-NCA_CA-10242,NCA_CA-10242,Ocean,37.94325,-122.47545,18050002,6,41,STORET
NARS_WQX-NCA_CA-10243,NCA_CA-10243,Ocean,37.85527001,-122.39264,18050002,6,75,STORET
NARS_WQX-NCA_CA-10262,NCA_CA-10262,Ocean,37.83965236,-122.3341792,18050002,6,1,STORET
NARS_WQX-NCCA10-BC11,NCCA10-BC11,Other-Surface Water,37.82219,-122.34926,18050002,6,1,STORET
NARS_WQX-NCCA10-CB001S,NCCA10-CB001S,Other-Surface Water,37.87629,-122.36145,18050002,6,1,STORET
NARS_WQX-NCCA10-CB043S,NCCA10-CB043S,Other-Surface Water,37.93837,-122.49602,18050002,6,41,STORET
NARS_WQX-NCCA10-CB075S,NCCA10-CB075S,Other-Surface Water,37.94325,-122.47545,18050002,6,41,STORET
NARS_WQX-NCCA10-CB121S,NCCA10-CB121S,Other-Surface Water,37.85527,-122.39264,18050002,6,75,STORET
NARS_WQX-NOAA 16-1,SFBAY NOAA Station (2000),Estuary,37.91938,-122.44992,18050002,6,41,STORET
NARS_WQX-NOAA 17-1,SFBAY NOAA Station (2000),Estuary,37.95231,-122.42291,18050002,6,13,STORET
NARS_WQX-NOAA 18-1,SFBAY NOAA Station (2000),Estuary,37.90727,-122.39386,18050002,6,13,STORET
NARS_WQX-NOAA 19-3,SFBAY NOAA Station (2000),Estuary,37.90843,-122.36127,18050002,6,13,STORET
NARS_WQX-NOAA 20-5,SFBAY NOAA Station (2000),Estuary,37.85431,-122.33817,18050002,6,1,STORET
NARS_WQX-NOAA 20-6,SFBAY NOAA Station (2000),Estuary,37.81329,-122.34175,18050002,6,1,STORET
NARS_WQX-NOAA 22-1,SFBAY NOAA Station (2000),Estuary,37.84814,-122.46741,18050002,6,41,STORET
NARS_WQX-NOAA 22-3,SFBAY NOAA Station (2000),Estuary,37.83879,-122.45016,18050002,6,75,STORET
NARS_WQX-NOAA 22-6,SFBAY NOAA Station (2000),Estuary,37.81077,-122.3864,18050002,6,75,STORET
NARS_WQX-NOAA 24-2,SFBAY NOAA Station (2000),Estuary,37.8098,-122.43466,18050002,6,75,STORET
NARS_WQX-NOAA 25-3,SFBAY NOAA Station (2000),Estuary,37.80007,-122.3961,18050002,6,75,STORET
NARS_WQX-NOAA 31-2,SFBAY NOAA Station (2000),Estuary,37.81413,-122.32335,18050002,6,1,STORET
"WWMD_VA-Pacific Ocean,38#-122","Pacific Ocean:Pacific Ocean,38#-122",Ocean,37.8531,-122.4024,18050002,6,75,STORET
